time_ns,cycle,freq_step,f_word_hex,freq_hz,wave_out,step_sync
110,0,0,0x051eb851,999999,128,0
130,1,0,0x051eb851,999999,128,0
150,2,0,0x051eb851,999999,128,0
170,3,0,0x051eb851,999999,135,0
190,4,0,0x051eb851,999999,143,0
210,5,0,0x051eb851,999999,151,0
230,6,0,0x051eb851,999999,158,0
250,7,0,0x051eb851,999999,165,0
270,8,0,0x051eb851,999999,171,0
290,9,0,0x051eb851,999999,177,0
310,10,0,0x051eb851,999999,181,0
330,11,0,0x051eb851,999999,185,0
350,12,0,0x051eb851,999999,188,0
370,13,0,0x051eb851,999999,190,0
390,14,0,0x051eb851,999999,191,0
410,15,0,0x051eb851,999999,191,0
430,16,0,0x051eb851,999999,190,0
450,17,0,0x051eb851,999999,188,0
470,18,0,0x051eb851,999999,185,0
490,19,0,0x051eb851,999999,181,0
510,20,0,0x051eb851,999999,177,0
530,21,0,0x051eb851,999999,171,0
550,22,0,0x051eb851,999999,165,0
570,23,0,0x051eb851,999999,158,0
590,24,0,0x051eb851,999999,151,0
610,25,0,0x051eb851,999999,143,0
630,26,0,0x051eb851,999999,136,0
650,27,0,0x051eb851,999999,128,0
670,28,0,0x051eb851,999999,120,0
690,29,0,0x051eb851,999999,112,0
710,30,0,0x051eb851,999999,104,0
730,31,0,0x051eb851,999999,97,0
750,32,0,0x051eb851,999999,90,0
770,33,0,0x051eb851,999999,84,0
790,34,0,0x051eb851,999999,78,0
810,35,0,0x051eb851,999999,74,0
830,36,0,0x051eb851,999999,70,0
850,37,0,0x051eb851,999999,67,0
870,38,0,0x051eb851,999999,65,0
890,39,0,0x051eb851,999999,64,0
910,40,0,0x051eb851,999999,64,0
930,41,0,0x051eb851,999999,65,0
950,42,0,0x051eb851,999999,67,0
970,43,0,0x051eb851,999999,70,0
990,44,0,0x051eb851,999999,74,0
1010,45,0,0x051eb851,999999,78,0
1030,46,0,0x051eb851,999999,84,0
1050,47,0,0x051eb851,999999,90,0
1070,48,0,0x051eb851,999999,97,0
1090,49,0,0x051eb851,999999,104,0
1110,50,0,0x051eb851,999999,112,0
1130,51,0,0x051eb851,999999,119,0
1150,52,0,0x051eb851,999999,127,0
1170,53,0,0x051eb851,999999,135,0
1190,54,0,0x051eb851,999999,143,0
1210,55,0,0x051eb851,999999,151,0
1230,56,0,0x051eb851,999999,158,0
1250,57,0,0x051eb851,999999,165,0
1270,58,0,0x051eb851,999999,171,0
1290,59,0,0x051eb851,999999,177,0
1310,60,0,0x051eb851,999999,181,0
1330,61,0,0x051eb851,999999,185,0
1350,62,0,0x051eb851,999999,188,0
1370,63,0,0x051eb851,999999,190,0
1390,64,0,0x051eb851,999999,191,0
1410,65,0,0x051eb851,999999,191,0
1430,66,0,0x051eb851,999999,190,0
1450,67,0,0x051eb851,999999,188,0
1470,68,0,0x051eb851,999999,185,0
1490,69,0,0x051eb851,999999,181,0
1510,70,0,0x051eb851,999999,177,0
1530,71,0,0x051eb851,999999,171,0
1550,72,0,0x051eb851,999999,165,0
1570,73,0,0x051eb851,999999,158,0
1590,74,0,0x051eb851,999999,151,0
1610,75,0,0x051eb851,999999,143,0
1630,76,0,0x051eb851,999999,136,0
1650,77,0,0x051eb851,999999,128,0
1670,78,0,0x051eb851,999999,120,0
1690,79,0,0x051eb851,999999,112,0
1710,80,0,0x051eb851,999999,104,0
1730,81,0,0x051eb851,999999,97,0
1750,82,0,0x051eb851,999999,90,0
1770,83,0,0x051eb851,999999,84,0
1790,84,0,0x051eb851,999999,78,0
1810,85,0,0x051eb851,999999,74,0
1830,86,0,0x051eb851,999999,70,0
1850,87,0,0x051eb851,999999,67,0
1870,88,0,0x051eb851,999999,65,0
1890,89,0,0x051eb851,999999,64,0
1910,90,0,0x051eb851,999999,64,0
1930,91,0,0x051eb851,999999,65,0
1950,92,0,0x051eb851,999999,67,0
1970,93,0,0x051eb851,999999,70,0
1990,94,0,0x051eb851,999999,74,0
2010,95,0,0x051eb851,999999,78,0
2030,96,0,0x051eb851,999999,84,0
2050,97,0,0x051eb851,999999,90,0
2070,98,0,0x051eb851,999999,97,0
2090,99,0,0x051eb851,999999,104,0
2110,100,0,0x051eb851,999999,112,0
2130,101,0,0x051eb851,999999,119,0
2150,102,0,0x051eb851,999999,127,0
2170,103,0,0x051eb851,999999,135,0
2190,104,0,0x051eb851,999999,143,0
2210,105,0,0x051eb851,999999,151,0
2230,106,0,0x051eb851,999999,158,0
2250,107,0,0x051eb851,999999,165,0
2270,108,0,0x051eb851,999999,171,0
2290,109,0,0x051eb851,999999,177,0
2310,110,0,0x051eb851,999999,181,0
2330,111,0,0x051eb851,999999,185,0
2350,112,0,0x051eb851,999999,188,0
2370,113,0,0x051eb851,999999,190,0
2390,114,0,0x051eb851,999999,191,0
2410,115,0,0x051eb851,999999,191,0
2430,116,0,0x051eb851,999999,190,0
2450,117,0,0x051eb851,999999,188,0
2470,118,0,0x051eb851,999999,185,0
2490,119,0,0x051eb851,999999,181,0
2510,120,0,0x051eb851,999999,177,0
2530,121,0,0x051eb851,999999,171,0
2550,122,0,0x051eb851,999999,165,0
2570,123,0,0x051eb851,999999,158,0
2590,124,0,0x051eb851,999999,151,0
2610,125,0,0x051eb851,999999,143,0
2630,126,0,0x051eb851,999999,136,0
2650,127,0,0x051eb851,999999,128,0
2670,128,0,0x051eb851,999999,120,0
2690,129,0,0x051eb851,999999,112,0
2710,130,0,0x051eb851,999999,104,0
2730,131,0,0x051eb851,999999,97,0
2750,132,0,0x051eb851,999999,90,0
2770,133,0,0x051eb851,999999,84,0
2790,134,0,0x051eb851,999999,78,0
2810,135,0,0x051eb851,999999,74,0
2830,136,0,0x051eb851,999999,70,0
2850,137,0,0x051eb851,999999,67,0
2870,138,0,0x051eb851,999999,65,0
2890,139,0,0x051eb851,999999,64,0
2910,140,0,0x051eb851,999999,64,0
2930,141,0,0x051eb851,999999,65,0
2950,142,0,0x051eb851,999999,67,0
2970,143,0,0x051eb851,999999,70,0
2990,144,0,0x051eb851,999999,74,0
3010,145,0,0x051eb851,999999,78,0
3030,146,0,0x051eb851,999999,84,0
3050,147,0,0x051eb851,999999,90,0
3070,148,0,0x051eb851,999999,97,0
3090,149,0,0x051eb851,999999,104,0
3110,150,0,0x051eb851,999999,112,0
3130,151,0,0x051eb851,999999,119,0
3150,152,0,0x051eb851,999999,127,0
3170,153,0,0x051eb851,999999,135,0
3190,154,0,0x051eb851,999999,143,0
3210,155,0,0x051eb851,999999,151,0
3230,156,0,0x051eb851,999999,158,0
3250,157,0,0x051eb851,999999,165,0
3270,158,0,0x051eb851,999999,171,0
3290,159,0,0x051eb851,999999,177,0
3310,160,0,0x051eb851,999999,181,0
3330,161,0,0x051eb851,999999,185,0
3350,162,0,0x051eb851,999999,188,0
3370,163,0,0x051eb851,999999,190,0
3390,164,0,0x051eb851,999999,191,0
3410,165,0,0x051eb851,999999,191,0
3430,166,0,0x051eb851,999999,190,0
3450,167,0,0x051eb851,999999,188,0
3470,168,0,0x051eb851,999999,185,0
3490,169,0,0x051eb851,999999,181,0
3510,170,0,0x051eb851,999999,177,0
3530,171,0,0x051eb851,999999,171,0
3550,172,0,0x051eb851,999999,165,0
3570,173,0,0x051eb851,999999,158,0
3590,174,0,0x051eb851,999999,151,0
3610,175,0,0x051eb851,999999,143,0
3630,176,0,0x051eb851,999999,136,0
3650,177,0,0x051eb851,999999,128,0
3670,178,0,0x051eb851,999999,120,0
3690,179,0,0x051eb851,999999,112,0
3710,180,0,0x051eb851,999999,104,0
3730,181,0,0x051eb851,999999,97,0
3750,182,0,0x051eb851,999999,90,0
3770,183,0,0x051eb851,999999,84,0
3790,184,0,0x051eb851,999999,78,0
3810,185,0,0x051eb851,999999,74,0
3830,186,0,0x051eb851,999999,70,0
3850,187,0,0x051eb851,999999,67,0
3870,188,0,0x051eb851,999999,65,0
3890,189,0,0x051eb851,999999,64,0
3910,190,0,0x051eb851,999999,64,0
3930,191,0,0x051eb851,999999,65,0
3950,192,0,0x051eb851,999999,67,0
3970,193,0,0x051eb851,999999,70,0
3990,194,0,0x051eb851,999999,74,0
4010,195,0,0x051eb851,999999,78,0
4030,196,0,0x051eb851,999999,84,0
4050,197,0,0x051eb851,999999,90,0
4070,198,0,0x051eb851,999999,97,0
4090,199,0,0x051eb851,999999,104,0
4110,200,0,0x051eb851,999999,112,0
4130,201,0,0x051eb851,999999,119,0
4150,202,0,0x051eb851,999999,127,0
4170,203,0,0x051eb851,999999,135,0
4190,204,0,0x051eb851,999999,143,0
4210,205,0,0x051eb851,999999,151,0
4230,206,0,0x051eb851,999999,158,0
4250,207,0,0x051eb851,999999,165,0
4270,208,0,0x051eb851,999999,171,0
4290,209,0,0x051eb851,999999,177,0
4310,210,0,0x051eb851,999999,181,0
4330,211,0,0x051eb851,999999,185,0
4350,212,0,0x051eb851,999999,188,0
4370,213,0,0x051eb851,999999,190,0
4390,214,0,0x051eb851,999999,191,0
4410,215,0,0x051eb851,999999,191,0
4430,216,0,0x051eb851,999999,190,0
4450,217,0,0x051eb851,999999,188,0
4470,218,0,0x051eb851,999999,185,0
4490,219,0,0x051eb851,999999,181,0
4510,220,0,0x051eb851,999999,177,0
4530,221,0,0x051eb851,999999,171,0
4550,222,0,0x051eb851,999999,165,0
4570,223,0,0x051eb851,999999,158,0
4590,224,0,0x051eb851,999999,151,0
4610,225,0,0x051eb851,999999,143,0
4630,226,0,0x051eb851,999999,136,0
4650,227,0,0x051eb851,999999,128,0
4670,228,0,0x051eb851,999999,120,0
4690,229,0,0x051eb851,999999,112,0
4710,230,0,0x051eb851,999999,104,0
4730,231,0,0x051eb851,999999,97,0
4750,232,0,0x051eb851,999999,90,0
4770,233,0,0x051eb851,999999,84,0
4790,234,0,0x051eb851,999999,78,0
4810,235,0,0x051eb851,999999,74,0
4830,236,0,0x051eb851,999999,70,0
4850,237,0,0x051eb851,999999,67,0
4870,238,0,0x051eb851,999999,65,0
4890,239,0,0x051eb851,999999,64,0
4910,240,0,0x051eb851,999999,64,0
4930,241,0,0x051eb851,999999,65,0
4950,242,0,0x051eb851,999999,67,0
4970,243,0,0x051eb851,999999,70,0
4990,244,0,0x051eb851,999999,74,0
5010,245,0,0x051eb851,999999,78,0
5030,246,0,0x051eb851,999999,84,0
5050,247,0,0x051eb851,999999,90,0
5070,248,0,0x051eb851,999999,97,0
5090,249,0,0x051eb851,999999,104,0
5110,250,0,0x051eb851,999999,112,0
5130,251,0,0x051eb851,999999,119,0
5150,252,0,0x051eb851,999999,127,0
5170,253,0,0x051eb851,999999,135,0
5190,254,0,0x051eb851,999999,143,0
5210,255,0,0x051eb851,999999,151,0
5230,256,0,0x051eb851,999999,158,0
5250,257,0,0x051eb851,999999,165,0
5270,258,0,0x051eb851,999999,171,0
5290,259,0,0x051eb851,999999,177,0
5310,260,0,0x051eb851,999999,181,0
5330,261,0,0x051eb851,999999,185,0
5350,262,0,0x051eb851,999999,188,0
5370,263,0,0x051eb851,999999,190,0
5390,264,0,0x051eb851,999999,191,0
5410,265,0,0x051eb851,999999,191,0
5430,266,0,0x051eb851,999999,190,0
5450,267,0,0x051eb851,999999,188,0
5470,268,0,0x051eb851,999999,185,0
5490,269,0,0x051eb851,999999,181,0
5510,270,0,0x051eb851,999999,177,0
5530,271,0,0x051eb851,999999,171,0
5550,272,0,0x051eb851,999999,165,0
5570,273,0,0x051eb851,999999,158,0
5590,274,0,0x051eb851,999999,151,0
5610,275,0,0x051eb851,999999,143,0
5630,276,0,0x051eb851,999999,136,0
5650,277,0,0x051eb851,999999,128,0
5670,278,0,0x051eb851,999999,120,0
5690,279,0,0x051eb851,999999,112,0
5710,280,0,0x051eb851,999999,104,0
5730,281,0,0x051eb851,999999,97,0
5750,282,0,0x051eb851,999999,90,0
5770,283,0,0x051eb851,999999,84,0
5790,284,0,0x051eb851,999999,78,0
5810,285,0,0x051eb851,999999,74,0
5830,286,0,0x051eb851,999999,70,0
5850,287,0,0x051eb851,999999,67,0
5870,288,0,0x051eb851,999999,65,0
5890,289,0,0x051eb851,999999,64,0
5910,290,0,0x051eb851,999999,64,0
5930,291,0,0x051eb851,999999,65,0
5950,292,0,0x051eb851,999999,67,0
5970,293,0,0x051eb851,999999,70,0
5990,294,0,0x051eb851,999999,74,0
6010,295,0,0x051eb851,999999,78,0
6030,296,0,0x051eb851,999999,84,0
6050,297,0,0x051eb851,999999,90,0
6070,298,0,0x051eb851,999999,97,0
6090,299,0,0x051eb851,999999,104,0
6110,300,0,0x051eb851,999999,112,0
6130,301,0,0x051eb851,999999,119,0
6150,302,0,0x051eb851,999999,127,0
6170,303,0,0x051eb851,999999,135,0
6190,304,0,0x051eb851,999999,143,0
6210,305,0,0x051eb851,999999,151,0
6230,306,0,0x051eb851,999999,158,0
6250,307,0,0x051eb851,999999,165,0
6270,308,0,0x051eb851,999999,171,0
6290,309,0,0x051eb851,999999,177,0
6310,310,0,0x051eb851,999999,181,0
6330,311,0,0x051eb851,999999,185,0
6350,312,0,0x051eb851,999999,188,0
6370,313,0,0x051eb851,999999,190,0
6390,314,0,0x051eb851,999999,191,0
6410,315,0,0x051eb851,999999,191,0
6430,316,0,0x051eb851,999999,190,0
6450,317,0,0x051eb851,999999,188,0
6470,318,0,0x051eb851,999999,185,0
6490,319,0,0x051eb851,999999,181,0
6510,320,0,0x051eb851,999999,177,0
6530,321,0,0x051eb851,999999,171,0
6550,322,0,0x051eb851,999999,165,0
6570,323,0,0x051eb851,999999,158,0
6590,324,0,0x051eb851,999999,151,0
6610,325,0,0x051eb851,999999,143,0
6630,326,0,0x051eb851,999999,136,0
6650,327,0,0x051eb851,999999,128,0
6670,328,0,0x051eb851,999999,120,0
6690,329,0,0x051eb851,999999,112,0
6710,330,0,0x051eb851,999999,104,0
6730,331,0,0x051eb851,999999,97,0
6750,332,0,0x051eb851,999999,90,0
6770,333,0,0x051eb851,999999,84,0
6790,334,0,0x051eb851,999999,78,0
6810,335,0,0x051eb851,999999,74,0
6830,336,0,0x051eb851,999999,70,0
6850,337,0,0x051eb851,999999,67,0
6870,338,0,0x051eb851,999999,65,0
6890,339,0,0x051eb851,999999,64,0
6910,340,0,0x051eb851,999999,64,0
6930,341,0,0x051eb851,999999,65,0
6950,342,0,0x051eb851,999999,67,0
6970,343,0,0x051eb851,999999,70,0
6990,344,0,0x051eb851,999999,74,0
7010,345,0,0x051eb851,999999,78,0
7030,346,0,0x051eb851,999999,84,0
7050,347,0,0x051eb851,999999,90,0
7070,348,0,0x051eb851,999999,97,0
7090,349,0,0x051eb851,999999,104,0
7110,350,0,0x051eb851,999999,112,0
7130,351,0,0x051eb851,999999,119,0
7150,352,0,0x051eb851,999999,127,0
7170,353,0,0x051eb851,999999,135,0
7190,354,0,0x051eb851,999999,143,0
7210,355,0,0x051eb851,999999,151,0
7230,356,0,0x051eb851,999999,158,0
7250,357,0,0x051eb851,999999,165,0
7270,358,0,0x051eb851,999999,171,0
7290,359,0,0x051eb851,999999,177,0
7310,360,0,0x051eb851,999999,181,0
7330,361,0,0x051eb851,999999,185,0
7350,362,0,0x051eb851,999999,188,0
7370,363,0,0x051eb851,999999,190,0
7390,364,0,0x051eb851,999999,191,0
7410,365,0,0x051eb851,999999,191,0
7430,366,0,0x051eb851,999999,190,0
7450,367,0,0x051eb851,999999,188,0
7470,368,0,0x051eb851,999999,185,0
7490,369,0,0x051eb851,999999,181,0
7510,370,0,0x051eb851,999999,177,0
7530,371,0,0x051eb851,999999,171,0
7550,372,0,0x051eb851,999999,165,0
7570,373,0,0x051eb851,999999,158,0
7590,374,0,0x051eb851,999999,151,0
7610,375,0,0x051eb851,999999,143,0
7630,376,0,0x051eb851,999999,136,0
7650,377,0,0x051eb851,999999,128,0
7670,378,0,0x051eb851,999999,120,0
7690,379,0,0x051eb851,999999,112,0
7710,380,0,0x051eb851,999999,104,0
7730,381,0,0x051eb851,999999,97,0
7750,382,0,0x051eb851,999999,90,0
7770,383,0,0x051eb851,999999,84,0
7790,384,0,0x051eb851,999999,78,0
7810,385,0,0x051eb851,999999,74,0
7830,386,0,0x051eb851,999999,70,0
7850,387,0,0x051eb851,999999,67,0
7870,388,0,0x051eb851,999999,65,0
7890,389,0,0x051eb851,999999,64,0
7910,390,0,0x051eb851,999999,64,0
7930,391,0,0x051eb851,999999,65,0
7950,392,0,0x051eb851,999999,67,0
7970,393,0,0x051eb851,999999,70,0
7990,394,0,0x051eb851,999999,74,0
8010,395,0,0x051eb851,999999,78,0
8030,396,0,0x051eb851,999999,84,0
8050,397,0,0x051eb851,999999,90,0
8070,398,0,0x051eb851,999999,97,0
8090,399,0,0x051eb851,999999,104,0
8110,400,0,0x051eb851,999999,112,0
8130,401,0,0x051eb851,999999,119,0
8150,402,0,0x051eb851,999999,127,0
8170,403,0,0x051eb851,999999,135,0
8190,404,0,0x051eb851,999999,143,0
8210,405,0,0x051eb851,999999,151,0
8230,406,0,0x051eb851,999999,158,0
8250,407,0,0x051eb851,999999,165,0
8270,408,0,0x051eb851,999999,171,0
8290,409,0,0x051eb851,999999,177,0
8310,410,0,0x051eb851,999999,181,0
8330,411,0,0x051eb851,999999,185,0
8350,412,0,0x051eb851,999999,188,0
8370,413,0,0x051eb851,999999,190,0
8390,414,0,0x051eb851,999999,191,0
8410,415,0,0x051eb851,999999,191,0
8430,416,0,0x051eb851,999999,190,0
8450,417,0,0x051eb851,999999,188,0
8470,418,0,0x051eb851,999999,185,0
8490,419,0,0x051eb851,999999,181,0
8510,420,0,0x051eb851,999999,177,0
8530,421,0,0x051eb851,999999,171,0
8550,422,0,0x051eb851,999999,165,0
8570,423,0,0x051eb851,999999,158,0
8590,424,0,0x051eb851,999999,151,0
8610,425,0,0x051eb851,999999,143,0
8630,426,0,0x051eb851,999999,136,0
8650,427,0,0x051eb851,999999,128,0
8670,428,0,0x051eb851,999999,120,0
8690,429,0,0x051eb851,999999,112,0
8710,430,0,0x051eb851,999999,104,0
8730,431,0,0x051eb851,999999,97,0
8750,432,0,0x051eb851,999999,90,0
8770,433,0,0x051eb851,999999,84,0
8790,434,0,0x051eb851,999999,78,0
8810,435,0,0x051eb851,999999,74,0
8830,436,0,0x051eb851,999999,70,0
8850,437,0,0x051eb851,999999,67,0
8870,438,0,0x051eb851,999999,65,0
8890,439,0,0x051eb851,999999,64,0
8910,440,0,0x051eb851,999999,64,0
8930,441,0,0x051eb851,999999,65,0
8950,442,0,0x051eb851,999999,67,0
8970,443,0,0x051eb851,999999,70,0
8990,444,0,0x051eb851,999999,74,0
9010,445,0,0x051eb851,999999,78,0
9030,446,0,0x051eb851,999999,84,0
9050,447,0,0x051eb851,999999,90,0
9070,448,0,0x051eb851,999999,97,0
9090,449,0,0x051eb851,999999,104,0
9110,450,0,0x051eb851,999999,112,0
9130,451,0,0x051eb851,999999,119,0
9150,452,0,0x051eb851,999999,127,0
9170,453,0,0x051eb851,999999,135,0
9190,454,0,0x051eb851,999999,143,0
9210,455,0,0x051eb851,999999,151,0
9230,456,0,0x051eb851,999999,158,0
9250,457,0,0x051eb851,999999,165,0
9270,458,0,0x051eb851,999999,171,0
9290,459,0,0x051eb851,999999,177,0
9310,460,0,0x051eb851,999999,181,0
9330,461,0,0x051eb851,999999,185,0
9350,462,0,0x051eb851,999999,188,0
9370,463,0,0x051eb851,999999,190,0
9390,464,0,0x051eb851,999999,191,0
9410,465,0,0x051eb851,999999,191,0
9430,466,0,0x051eb851,999999,190,0
9450,467,0,0x051eb851,999999,188,0
9470,468,0,0x051eb851,999999,185,0
9490,469,0,0x051eb851,999999,181,0
9510,470,0,0x051eb851,999999,177,0
9530,471,0,0x051eb851,999999,171,0
9550,472,0,0x051eb851,999999,165,0
9570,473,0,0x051eb851,999999,158,0
9590,474,0,0x051eb851,999999,151,0
9610,475,0,0x051eb851,999999,143,0
9630,476,0,0x051eb851,999999,136,0
9650,477,0,0x051eb851,999999,128,0
9670,478,0,0x051eb851,999999,120,0
9690,479,0,0x051eb851,999999,112,0
9710,480,0,0x051eb851,999999,104,0
9730,481,0,0x051eb851,999999,97,0
9750,482,0,0x051eb851,999999,90,0
9770,483,0,0x051eb851,999999,84,0
9790,484,0,0x051eb851,999999,78,0
9810,485,0,0x051eb851,999999,74,0
9830,486,0,0x051eb851,999999,70,0
9850,487,0,0x051eb851,999999,67,0
9870,488,0,0x051eb851,999999,65,0
9890,489,0,0x051eb851,999999,64,0
9910,490,0,0x051eb851,999999,64,0
9930,491,0,0x051eb851,999999,65,0
9950,492,0,0x051eb851,999999,67,0
9970,493,0,0x051eb851,999999,70,0
9990,494,0,0x051eb851,999999,74,0
10010,495,0,0x051eb851,999999,78,0
10030,496,0,0x051eb851,999999,84,0
10050,497,0,0x051eb851,999999,90,0
10070,498,0,0x051eb851,999999,97,0
10090,499,0,0x051eb851,999999,104,0
10110,500,0,0x0a3d70a2,1999999,112,1
10130,501,1,0x0a3d70a2,1999999,119,0
10150,502,1,0x0a3d70a2,1999999,127,0
10170,503,1,0x0a3d70a2,1999999,128,0
10190,504,1,0x0a3d70a2,1999999,143,0
10210,505,1,0x0a3d70a2,1999999,158,0
10230,506,1,0x0a3d70a2,1999999,171,0
10250,507,1,0x0a3d70a2,1999999,181,0
10270,508,1,0x0a3d70a2,1999999,188,0
10290,509,1,0x0a3d70a2,1999999,191,0
10310,510,1,0x0a3d70a2,1999999,190,0
10330,511,1,0x0a3d70a2,1999999,185,0
10350,512,1,0x0a3d70a2,1999999,177,0
10370,513,1,0x0a3d70a2,1999999,165,0
10390,514,1,0x0a3d70a2,1999999,151,0
10410,515,1,0x0a3d70a2,1999999,136,0
10430,516,1,0x0a3d70a2,1999999,120,0
10450,517,1,0x0a3d70a2,1999999,104,0
10470,518,1,0x0a3d70a2,1999999,90,0
10490,519,1,0x0a3d70a2,1999999,78,0
10510,520,1,0x0a3d70a2,1999999,70,0
10530,521,1,0x0a3d70a2,1999999,65,0
10550,522,1,0x0a3d70a2,1999999,64,0
10570,523,1,0x0a3d70a2,1999999,67,0
10590,524,1,0x0a3d70a2,1999999,74,0
10610,525,1,0x0a3d70a2,1999999,84,0
10630,526,1,0x0a3d70a2,1999999,97,0
10650,527,1,0x0a3d70a2,1999999,112,0
10670,528,1,0x0a3d70a2,1999999,127,0
10690,529,1,0x0a3d70a2,1999999,143,0
10710,530,1,0x0a3d70a2,1999999,158,0
10730,531,1,0x0a3d70a2,1999999,171,0
10750,532,1,0x0a3d70a2,1999999,181,0
10770,533,1,0x0a3d70a2,1999999,188,0
10790,534,1,0x0a3d70a2,1999999,191,0
10810,535,1,0x0a3d70a2,1999999,190,0
10830,536,1,0x0a3d70a2,1999999,185,0
10850,537,1,0x0a3d70a2,1999999,177,0
10870,538,1,0x0a3d70a2,1999999,165,0
10890,539,1,0x0a3d70a2,1999999,151,0
10910,540,1,0x0a3d70a2,1999999,136,0
10930,541,1,0x0a3d70a2,1999999,120,0
10950,542,1,0x0a3d70a2,1999999,104,0
10970,543,1,0x0a3d70a2,1999999,90,0
10990,544,1,0x0a3d70a2,1999999,78,0
11010,545,1,0x0a3d70a2,1999999,70,0
11030,546,1,0x0a3d70a2,1999999,65,0
11050,547,1,0x0a3d70a2,1999999,64,0
11070,548,1,0x0a3d70a2,1999999,67,0
11090,549,1,0x0a3d70a2,1999999,74,0
11110,550,1,0x0a3d70a2,1999999,84,0
11130,551,1,0x0a3d70a2,1999999,97,0
11150,552,1,0x0a3d70a2,1999999,112,0
11170,553,1,0x0a3d70a2,1999999,127,0
11190,554,1,0x0a3d70a2,1999999,143,0
11210,555,1,0x0a3d70a2,1999999,158,0
11230,556,1,0x0a3d70a2,1999999,171,0
11250,557,1,0x0a3d70a2,1999999,181,0
11270,558,1,0x0a3d70a2,1999999,188,0
11290,559,1,0x0a3d70a2,1999999,191,0
11310,560,1,0x0a3d70a2,1999999,190,0
11330,561,1,0x0a3d70a2,1999999,185,0
11350,562,1,0x0a3d70a2,1999999,177,0
11370,563,1,0x0a3d70a2,1999999,165,0
11390,564,1,0x0a3d70a2,1999999,151,0
11410,565,1,0x0a3d70a2,1999999,136,0
11430,566,1,0x0a3d70a2,1999999,120,0
11450,567,1,0x0a3d70a2,1999999,104,0
11470,568,1,0x0a3d70a2,1999999,90,0
11490,569,1,0x0a3d70a2,1999999,78,0
11510,570,1,0x0a3d70a2,1999999,70,0
11530,571,1,0x0a3d70a2,1999999,65,0
11550,572,1,0x0a3d70a2,1999999,64,0
11570,573,1,0x0a3d70a2,1999999,67,0
11590,574,1,0x0a3d70a2,1999999,74,0
11610,575,1,0x0a3d70a2,1999999,84,0
11630,576,1,0x0a3d70a2,1999999,97,0
11650,577,1,0x0a3d70a2,1999999,112,0
11670,578,1,0x0a3d70a2,1999999,127,0
11690,579,1,0x0a3d70a2,1999999,143,0
11710,580,1,0x0a3d70a2,1999999,158,0
11730,581,1,0x0a3d70a2,1999999,171,0
11750,582,1,0x0a3d70a2,1999999,181,0
11770,583,1,0x0a3d70a2,1999999,188,0
11790,584,1,0x0a3d70a2,1999999,191,0
11810,585,1,0x0a3d70a2,1999999,190,0
11830,586,1,0x0a3d70a2,1999999,185,0
11850,587,1,0x0a3d70a2,1999999,177,0
11870,588,1,0x0a3d70a2,1999999,165,0
11890,589,1,0x0a3d70a2,1999999,151,0
11910,590,1,0x0a3d70a2,1999999,136,0
11930,591,1,0x0a3d70a2,1999999,120,0
11950,592,1,0x0a3d70a2,1999999,104,0
11970,593,1,0x0a3d70a2,1999999,90,0
11990,594,1,0x0a3d70a2,1999999,78,0
12010,595,1,0x0a3d70a2,1999999,70,0
12030,596,1,0x0a3d70a2,1999999,65,0
12050,597,1,0x0a3d70a2,1999999,64,0
12070,598,1,0x0a3d70a2,1999999,67,0
12090,599,1,0x0a3d70a2,1999999,74,0
12110,600,1,0x0a3d70a2,1999999,84,0
12130,601,1,0x0a3d70a2,1999999,97,0
12150,602,1,0x0a3d70a2,1999999,112,0
12170,603,1,0x0a3d70a2,1999999,127,0
12190,604,1,0x0a3d70a2,1999999,143,0
12210,605,1,0x0a3d70a2,1999999,158,0
12230,606,1,0x0a3d70a2,1999999,171,0
12250,607,1,0x0a3d70a2,1999999,181,0
12270,608,1,0x0a3d70a2,1999999,188,0
12290,609,1,0x0a3d70a2,1999999,191,0
12310,610,1,0x0a3d70a2,1999999,190,0
12330,611,1,0x0a3d70a2,1999999,185,0
12350,612,1,0x0a3d70a2,1999999,177,0
12370,613,1,0x0a3d70a2,1999999,165,0
12390,614,1,0x0a3d70a2,1999999,151,0
12410,615,1,0x0a3d70a2,1999999,136,0
12430,616,1,0x0a3d70a2,1999999,120,0
12450,617,1,0x0a3d70a2,1999999,104,0
12470,618,1,0x0a3d70a2,1999999,90,0
12490,619,1,0x0a3d70a2,1999999,78,0
12510,620,1,0x0a3d70a2,1999999,70,0
12530,621,1,0x0a3d70a2,1999999,65,0
12550,622,1,0x0a3d70a2,1999999,64,0
12570,623,1,0x0a3d70a2,1999999,67,0
12590,624,1,0x0a3d70a2,1999999,74,0
12610,625,1,0x0a3d70a2,1999999,84,0
12630,626,1,0x0a3d70a2,1999999,97,0
12650,627,1,0x0a3d70a2,1999999,112,0
12670,628,1,0x0a3d70a2,1999999,127,0
12690,629,1,0x0a3d70a2,1999999,143,0
12710,630,1,0x0a3d70a2,1999999,158,0
12730,631,1,0x0a3d70a2,1999999,171,0
12750,632,1,0x0a3d70a2,1999999,181,0
12770,633,1,0x0a3d70a2,1999999,188,0
12790,634,1,0x0a3d70a2,1999999,191,0
12810,635,1,0x0a3d70a2,1999999,190,0
12830,636,1,0x0a3d70a2,1999999,185,0
12850,637,1,0x0a3d70a2,1999999,177,0
12870,638,1,0x0a3d70a2,1999999,165,0
12890,639,1,0x0a3d70a2,1999999,151,0
12910,640,1,0x0a3d70a2,1999999,136,0
12930,641,1,0x0a3d70a2,1999999,120,0
12950,642,1,0x0a3d70a2,1999999,104,0
12970,643,1,0x0a3d70a2,1999999,90,0
12990,644,1,0x0a3d70a2,1999999,78,0
13010,645,1,0x0a3d70a2,1999999,70,0
13030,646,1,0x0a3d70a2,1999999,65,0
13050,647,1,0x0a3d70a2,1999999,64,0
13070,648,1,0x0a3d70a2,1999999,67,0
13090,649,1,0x0a3d70a2,1999999,74,0
13110,650,1,0x0a3d70a2,1999999,84,0
13130,651,1,0x0a3d70a2,1999999,97,0
13150,652,1,0x0a3d70a2,1999999,112,0
13170,653,1,0x0a3d70a2,1999999,127,0
13190,654,1,0x0a3d70a2,1999999,143,0
13210,655,1,0x0a3d70a2,1999999,158,0
13230,656,1,0x0a3d70a2,1999999,171,0
13250,657,1,0x0a3d70a2,1999999,181,0
13270,658,1,0x0a3d70a2,1999999,188,0
13290,659,1,0x0a3d70a2,1999999,191,0
13310,660,1,0x0a3d70a2,1999999,190,0
13330,661,1,0x0a3d70a2,1999999,185,0
13350,662,1,0x0a3d70a2,1999999,177,0
13370,663,1,0x0a3d70a2,1999999,165,0
13390,664,1,0x0a3d70a2,1999999,151,0
13410,665,1,0x0a3d70a2,1999999,136,0
13430,666,1,0x0a3d70a2,1999999,120,0
13450,667,1,0x0a3d70a2,1999999,104,0
13470,668,1,0x0a3d70a2,1999999,90,0
13490,669,1,0x0a3d70a2,1999999,78,0
13510,670,1,0x0a3d70a2,1999999,70,0
13530,671,1,0x0a3d70a2,1999999,65,0
13550,672,1,0x0a3d70a2,1999999,64,0
13570,673,1,0x0a3d70a2,1999999,67,0
13590,674,1,0x0a3d70a2,1999999,74,0
13610,675,1,0x0a3d70a2,1999999,84,0
13630,676,1,0x0a3d70a2,1999999,97,0
13650,677,1,0x0a3d70a2,1999999,112,0
13670,678,1,0x0a3d70a2,1999999,127,0
13690,679,1,0x0a3d70a2,1999999,143,0
13710,680,1,0x0a3d70a2,1999999,158,0
13730,681,1,0x0a3d70a2,1999999,171,0
13750,682,1,0x0a3d70a2,1999999,181,0
13770,683,1,0x0a3d70a2,1999999,188,0
13790,684,1,0x0a3d70a2,1999999,191,0
13810,685,1,0x0a3d70a2,1999999,190,0
13830,686,1,0x0a3d70a2,1999999,185,0
13850,687,1,0x0a3d70a2,1999999,177,0
13870,688,1,0x0a3d70a2,1999999,165,0
13890,689,1,0x0a3d70a2,1999999,151,0
13910,690,1,0x0a3d70a2,1999999,136,0
13930,691,1,0x0a3d70a2,1999999,120,0
13950,692,1,0x0a3d70a2,1999999,104,0
13970,693,1,0x0a3d70a2,1999999,90,0
13990,694,1,0x0a3d70a2,1999999,78,0
14010,695,1,0x0a3d70a2,1999999,70,0
14030,696,1,0x0a3d70a2,1999999,65,0
14050,697,1,0x0a3d70a2,1999999,64,0
14070,698,1,0x0a3d70a2,1999999,67,0
14090,699,1,0x0a3d70a2,1999999,74,0
14110,700,1,0x0a3d70a2,1999999,84,0
14130,701,1,0x0a3d70a2,1999999,97,0
14150,702,1,0x0a3d70a2,1999999,112,0
14170,703,1,0x0a3d70a2,1999999,127,0
14190,704,1,0x0a3d70a2,1999999,143,0
14210,705,1,0x0a3d70a2,1999999,158,0
14230,706,1,0x0a3d70a2,1999999,171,0
14250,707,1,0x0a3d70a2,1999999,181,0
14270,708,1,0x0a3d70a2,1999999,188,0
14290,709,1,0x0a3d70a2,1999999,191,0
14310,710,1,0x0a3d70a2,1999999,190,0
14330,711,1,0x0a3d70a2,1999999,185,0
14350,712,1,0x0a3d70a2,1999999,177,0
14370,713,1,0x0a3d70a2,1999999,165,0
14390,714,1,0x0a3d70a2,1999999,151,0
14410,715,1,0x0a3d70a2,1999999,136,0
14430,716,1,0x0a3d70a2,1999999,120,0
14450,717,1,0x0a3d70a2,1999999,104,0
14470,718,1,0x0a3d70a2,1999999,90,0
14490,719,1,0x0a3d70a2,1999999,78,0
14510,720,1,0x0a3d70a2,1999999,70,0
14530,721,1,0x0a3d70a2,1999999,65,0
14550,722,1,0x0a3d70a2,1999999,64,0
14570,723,1,0x0a3d70a2,1999999,67,0
14590,724,1,0x0a3d70a2,1999999,74,0
14610,725,1,0x0a3d70a2,1999999,84,0
14630,726,1,0x0a3d70a2,1999999,97,0
14650,727,1,0x0a3d70a2,1999999,112,0
14670,728,1,0x0a3d70a2,1999999,127,0
14690,729,1,0x0a3d70a2,1999999,143,0
14710,730,1,0x0a3d70a2,1999999,158,0
14730,731,1,0x0a3d70a2,1999999,171,0
14750,732,1,0x0a3d70a2,1999999,181,0
14770,733,1,0x0a3d70a2,1999999,188,0
14790,734,1,0x0a3d70a2,1999999,191,0
14810,735,1,0x0a3d70a2,1999999,190,0
14830,736,1,0x0a3d70a2,1999999,185,0
14850,737,1,0x0a3d70a2,1999999,177,0
14870,738,1,0x0a3d70a2,1999999,165,0
14890,739,1,0x0a3d70a2,1999999,151,0
14910,740,1,0x0a3d70a2,1999999,136,0
14930,741,1,0x0a3d70a2,1999999,120,0
14950,742,1,0x0a3d70a2,1999999,104,0
14970,743,1,0x0a3d70a2,1999999,90,0
14990,744,1,0x0a3d70a2,1999999,78,0
15010,745,1,0x0a3d70a2,1999999,70,0
15030,746,1,0x0a3d70a2,1999999,65,0
15050,747,1,0x0a3d70a2,1999999,64,0
15070,748,1,0x0a3d70a2,1999999,67,0
15090,749,1,0x0a3d70a2,1999999,74,0
15110,750,1,0x0a3d70a2,1999999,84,0
15130,751,1,0x0a3d70a2,1999999,97,0
15150,752,1,0x0a3d70a2,1999999,112,0
15170,753,1,0x0a3d70a2,1999999,127,0
15190,754,1,0x0a3d70a2,1999999,143,0
15210,755,1,0x0a3d70a2,1999999,158,0
15230,756,1,0x0a3d70a2,1999999,171,0
15250,757,1,0x0a3d70a2,1999999,181,0
15270,758,1,0x0a3d70a2,1999999,188,0
15290,759,1,0x0a3d70a2,1999999,191,0
15310,760,1,0x0a3d70a2,1999999,190,0
15330,761,1,0x0a3d70a2,1999999,185,0
15350,762,1,0x0a3d70a2,1999999,177,0
15370,763,1,0x0a3d70a2,1999999,165,0
15390,764,1,0x0a3d70a2,1999999,151,0
15410,765,1,0x0a3d70a2,1999999,136,0
15430,766,1,0x0a3d70a2,1999999,120,0
15450,767,1,0x0a3d70a2,1999999,104,0
15470,768,1,0x0a3d70a2,1999999,90,0
15490,769,1,0x0a3d70a2,1999999,78,0
15510,770,1,0x0a3d70a2,1999999,70,0
15530,771,1,0x0a3d70a2,1999999,65,0
15550,772,1,0x0a3d70a2,1999999,64,0
15570,773,1,0x0a3d70a2,1999999,67,0
15590,774,1,0x0a3d70a2,1999999,74,0
15610,775,1,0x0a3d70a2,1999999,84,0
15630,776,1,0x0a3d70a2,1999999,97,0
15650,777,1,0x0a3d70a2,1999999,112,0
15670,778,1,0x0a3d70a2,1999999,127,0
15690,779,1,0x0a3d70a2,1999999,143,0
15710,780,1,0x0a3d70a2,1999999,158,0
15730,781,1,0x0a3d70a2,1999999,171,0
15750,782,1,0x0a3d70a2,1999999,181,0
15770,783,1,0x0a3d70a2,1999999,188,0
15790,784,1,0x0a3d70a2,1999999,191,0
15810,785,1,0x0a3d70a2,1999999,190,0
15830,786,1,0x0a3d70a2,1999999,185,0
15850,787,1,0x0a3d70a2,1999999,177,0
15870,788,1,0x0a3d70a2,1999999,165,0
15890,789,1,0x0a3d70a2,1999999,151,0
15910,790,1,0x0a3d70a2,1999999,136,0
15930,791,1,0x0a3d70a2,1999999,120,0
15950,792,1,0x0a3d70a2,1999999,104,0
15970,793,1,0x0a3d70a2,1999999,90,0
15990,794,1,0x0a3d70a2,1999999,78,0
16010,795,1,0x0a3d70a2,1999999,70,0
16030,796,1,0x0a3d70a2,1999999,65,0
16050,797,1,0x0a3d70a2,1999999,64,0
16070,798,1,0x0a3d70a2,1999999,67,0
16090,799,1,0x0a3d70a2,1999999,74,0
16110,800,1,0x0a3d70a2,1999999,84,0
16130,801,1,0x0a3d70a2,1999999,97,0
16150,802,1,0x0a3d70a2,1999999,112,0
16170,803,1,0x0a3d70a2,1999999,127,0
16190,804,1,0x0a3d70a2,1999999,143,0
16210,805,1,0x0a3d70a2,1999999,158,0
16230,806,1,0x0a3d70a2,1999999,171,0
16250,807,1,0x0a3d70a2,1999999,181,0
16270,808,1,0x0a3d70a2,1999999,188,0
16290,809,1,0x0a3d70a2,1999999,191,0
16310,810,1,0x0a3d70a2,1999999,190,0
16330,811,1,0x0a3d70a2,1999999,185,0
16350,812,1,0x0a3d70a2,1999999,177,0
16370,813,1,0x0a3d70a2,1999999,165,0
16390,814,1,0x0a3d70a2,1999999,151,0
16410,815,1,0x0a3d70a2,1999999,136,0
16430,816,1,0x0a3d70a2,1999999,120,0
16450,817,1,0x0a3d70a2,1999999,104,0
16470,818,1,0x0a3d70a2,1999999,90,0
16490,819,1,0x0a3d70a2,1999999,78,0
16510,820,1,0x0a3d70a2,1999999,70,0
16530,821,1,0x0a3d70a2,1999999,65,0
16550,822,1,0x0a3d70a2,1999999,64,0
16570,823,1,0x0a3d70a2,1999999,67,0
16590,824,1,0x0a3d70a2,1999999,74,0
16610,825,1,0x0a3d70a2,1999999,84,0
16630,826,1,0x0a3d70a2,1999999,97,0
16650,827,1,0x0a3d70a2,1999999,112,0
16670,828,1,0x0a3d70a2,1999999,127,0
16690,829,1,0x0a3d70a2,1999999,143,0
16710,830,1,0x0a3d70a2,1999999,158,0
16730,831,1,0x0a3d70a2,1999999,171,0
16750,832,1,0x0a3d70a2,1999999,181,0
16770,833,1,0x0a3d70a2,1999999,188,0
16790,834,1,0x0a3d70a2,1999999,191,0
16810,835,1,0x0a3d70a2,1999999,190,0
16830,836,1,0x0a3d70a2,1999999,185,0
16850,837,1,0x0a3d70a2,1999999,177,0
16870,838,1,0x0a3d70a2,1999999,165,0
16890,839,1,0x0a3d70a2,1999999,151,0
16910,840,1,0x0a3d70a2,1999999,136,0
16930,841,1,0x0a3d70a2,1999999,120,0
16950,842,1,0x0a3d70a2,1999999,104,0
16970,843,1,0x0a3d70a2,1999999,90,0
16990,844,1,0x0a3d70a2,1999999,78,0
17010,845,1,0x0a3d70a2,1999999,70,0
17030,846,1,0x0a3d70a2,1999999,65,0
17050,847,1,0x0a3d70a2,1999999,64,0
17070,848,1,0x0a3d70a2,1999999,67,0
17090,849,1,0x0a3d70a2,1999999,74,0
17110,850,1,0x0a3d70a2,1999999,84,0
17130,851,1,0x0a3d70a2,1999999,97,0
17150,852,1,0x0a3d70a2,1999999,112,0
17170,853,1,0x0a3d70a2,1999999,127,0
17190,854,1,0x0a3d70a2,1999999,143,0
17210,855,1,0x0a3d70a2,1999999,158,0
17230,856,1,0x0a3d70a2,1999999,171,0
17250,857,1,0x0a3d70a2,1999999,181,0
17270,858,1,0x0a3d70a2,1999999,188,0
17290,859,1,0x0a3d70a2,1999999,191,0
17310,860,1,0x0a3d70a2,1999999,190,0
17330,861,1,0x0a3d70a2,1999999,185,0
17350,862,1,0x0a3d70a2,1999999,177,0
17370,863,1,0x0a3d70a2,1999999,165,0
17390,864,1,0x0a3d70a2,1999999,151,0
17410,865,1,0x0a3d70a2,1999999,136,0
17430,866,1,0x0a3d70a2,1999999,120,0
17450,867,1,0x0a3d70a2,1999999,104,0
17470,868,1,0x0a3d70a2,1999999,90,0
17490,869,1,0x0a3d70a2,1999999,78,0
17510,870,1,0x0a3d70a2,1999999,70,0
17530,871,1,0x0a3d70a2,1999999,65,0
17550,872,1,0x0a3d70a2,1999999,64,0
17570,873,1,0x0a3d70a2,1999999,67,0
17590,874,1,0x0a3d70a2,1999999,74,0
17610,875,1,0x0a3d70a2,1999999,84,0
17630,876,1,0x0a3d70a2,1999999,97,0
17650,877,1,0x0a3d70a2,1999999,112,0
17670,878,1,0x0a3d70a2,1999999,127,0
17690,879,1,0x0a3d70a2,1999999,143,0
17710,880,1,0x0a3d70a2,1999999,158,0
17730,881,1,0x0a3d70a2,1999999,171,0
17750,882,1,0x0a3d70a2,1999999,181,0
17770,883,1,0x0a3d70a2,1999999,188,0
17790,884,1,0x0a3d70a2,1999999,191,0
17810,885,1,0x0a3d70a2,1999999,190,0
17830,886,1,0x0a3d70a2,1999999,185,0
17850,887,1,0x0a3d70a2,1999999,177,0
17870,888,1,0x0a3d70a2,1999999,165,0
17890,889,1,0x0a3d70a2,1999999,151,0
17910,890,1,0x0a3d70a2,1999999,136,0
17930,891,1,0x0a3d70a2,1999999,120,0
17950,892,1,0x0a3d70a2,1999999,104,0
17970,893,1,0x0a3d70a2,1999999,90,0
17990,894,1,0x0a3d70a2,1999999,78,0
18010,895,1,0x0a3d70a2,1999999,70,0
18030,896,1,0x0a3d70a2,1999999,65,0
18050,897,1,0x0a3d70a2,1999999,64,0
18070,898,1,0x0a3d70a2,1999999,67,0
18090,899,1,0x0a3d70a2,1999999,74,0
18110,900,1,0x0a3d70a2,1999999,84,0
18130,901,1,0x0a3d70a2,1999999,97,0
18150,902,1,0x0a3d70a2,1999999,112,0
18170,903,1,0x0a3d70a2,1999999,127,0
18190,904,1,0x0a3d70a2,1999999,143,0
18210,905,1,0x0a3d70a2,1999999,158,0
18230,906,1,0x0a3d70a2,1999999,171,0
18250,907,1,0x0a3d70a2,1999999,181,0
18270,908,1,0x0a3d70a2,1999999,188,0
18290,909,1,0x0a3d70a2,1999999,191,0
18310,910,1,0x0a3d70a2,1999999,190,0
18330,911,1,0x0a3d70a2,1999999,185,0
18350,912,1,0x0a3d70a2,1999999,177,0
18370,913,1,0x0a3d70a2,1999999,165,0
18390,914,1,0x0a3d70a2,1999999,151,0
18410,915,1,0x0a3d70a2,1999999,136,0
18430,916,1,0x0a3d70a2,1999999,120,0
18450,917,1,0x0a3d70a2,1999999,104,0
18470,918,1,0x0a3d70a2,1999999,90,0
18490,919,1,0x0a3d70a2,1999999,78,0
18510,920,1,0x0a3d70a2,1999999,70,0
18530,921,1,0x0a3d70a2,1999999,65,0
18550,922,1,0x0a3d70a2,1999999,64,0
18570,923,1,0x0a3d70a2,1999999,67,0
18590,924,1,0x0a3d70a2,1999999,74,0
18610,925,1,0x0a3d70a2,1999999,84,0
18630,926,1,0x0a3d70a2,1999999,97,0
18650,927,1,0x0a3d70a2,1999999,112,0
18670,928,1,0x0a3d70a2,1999999,127,0
18690,929,1,0x0a3d70a2,1999999,143,0
18710,930,1,0x0a3d70a2,1999999,158,0
18730,931,1,0x0a3d70a2,1999999,171,0
18750,932,1,0x0a3d70a2,1999999,181,0
18770,933,1,0x0a3d70a2,1999999,188,0
18790,934,1,0x0a3d70a2,1999999,191,0
18810,935,1,0x0a3d70a2,1999999,190,0
18830,936,1,0x0a3d70a2,1999999,185,0
18850,937,1,0x0a3d70a2,1999999,177,0
18870,938,1,0x0a3d70a2,1999999,165,0
18890,939,1,0x0a3d70a2,1999999,151,0
18910,940,1,0x0a3d70a2,1999999,136,0
18930,941,1,0x0a3d70a2,1999999,120,0
18950,942,1,0x0a3d70a2,1999999,104,0
18970,943,1,0x0a3d70a2,1999999,90,0
18990,944,1,0x0a3d70a2,1999999,78,0
19010,945,1,0x0a3d70a2,1999999,70,0
19030,946,1,0x0a3d70a2,1999999,65,0
19050,947,1,0x0a3d70a2,1999999,64,0
19070,948,1,0x0a3d70a2,1999999,67,0
19090,949,1,0x0a3d70a2,1999999,74,0
19110,950,1,0x0a3d70a2,1999999,84,0
19130,951,1,0x0a3d70a2,1999999,97,0
19150,952,1,0x0a3d70a2,1999999,112,0
19170,953,1,0x0a3d70a2,1999999,127,0
19190,954,1,0x0a3d70a2,1999999,143,0
19210,955,1,0x0a3d70a2,1999999,158,0
19230,956,1,0x0a3d70a2,1999999,171,0
19250,957,1,0x0a3d70a2,1999999,181,0
19270,958,1,0x0a3d70a2,1999999,188,0
19290,959,1,0x0a3d70a2,1999999,191,0
19310,960,1,0x0a3d70a2,1999999,190,0
19330,961,1,0x0a3d70a2,1999999,185,0
19350,962,1,0x0a3d70a2,1999999,177,0
19370,963,1,0x0a3d70a2,1999999,165,0
19390,964,1,0x0a3d70a2,1999999,151,0
19410,965,1,0x0a3d70a2,1999999,136,0
19430,966,1,0x0a3d70a2,1999999,120,0
19450,967,1,0x0a3d70a2,1999999,104,0
19470,968,1,0x0a3d70a2,1999999,90,0
19490,969,1,0x0a3d70a2,1999999,78,0
19510,970,1,0x0a3d70a2,1999999,70,0
19530,971,1,0x0a3d70a2,1999999,65,0
19550,972,1,0x0a3d70a2,1999999,64,0
19570,973,1,0x0a3d70a2,1999999,67,0
19590,974,1,0x0a3d70a2,1999999,74,0
19610,975,1,0x0a3d70a2,1999999,84,0
19630,976,1,0x0a3d70a2,1999999,97,0
19650,977,1,0x0a3d70a2,1999999,112,0
19670,978,1,0x0a3d70a2,1999999,127,0
19690,979,1,0x0a3d70a2,1999999,143,0
19710,980,1,0x0a3d70a2,1999999,158,0
19730,981,1,0x0a3d70a2,1999999,171,0
19750,982,1,0x0a3d70a2,1999999,181,0
19770,983,1,0x0a3d70a2,1999999,188,0
19790,984,1,0x0a3d70a2,1999999,191,0
19810,985,1,0x0a3d70a2,1999999,190,0
19830,986,1,0x0a3d70a2,1999999,185,0
19850,987,1,0x0a3d70a2,1999999,177,0
19870,988,1,0x0a3d70a2,1999999,165,0
19890,989,1,0x0a3d70a2,1999999,151,0
19910,990,1,0x0a3d70a2,1999999,136,0
19930,991,1,0x0a3d70a2,1999999,120,0
19950,992,1,0x0a3d70a2,1999999,104,0
19970,993,1,0x0a3d70a2,1999999,90,0
19990,994,1,0x0a3d70a2,1999999,78,0
20010,995,1,0x0a3d70a2,1999999,70,0
20030,996,1,0x0a3d70a2,1999999,65,0
20050,997,1,0x0a3d70a2,1999999,64,0
20070,998,1,0x0a3d70a2,1999999,67,0
20090,999,1,0x0a3d70a2,1999999,74,0
20110,1000,1,0x0f5c28f3,2999999,84,1
20130,1001,2,0x0f5c28f3,2999999,97,0
20150,1002,2,0x0f5c28f3,2999999,112,0
20170,1003,2,0x0f5c28f3,2999999,128,0
20190,1004,2,0x0f5c28f3,2999999,151,0
20210,1005,2,0x0f5c28f3,2999999,171,0
20230,1006,2,0x0f5c28f3,2999999,185,0
20250,1007,2,0x0f5c28f3,2999999,191,0
20270,1008,2,0x0f5c28f3,2999999,188,0
20290,1009,2,0x0f5c28f3,2999999,177,0
20310,1010,2,0x0f5c28f3,2999999,158,0
20330,1011,2,0x0f5c28f3,2999999,136,0
20350,1012,2,0x0f5c28f3,2999999,112,0
20370,1013,2,0x0f5c28f3,2999999,90,0
20390,1014,2,0x0f5c28f3,2999999,74,0
20410,1015,2,0x0f5c28f3,2999999,65,0
20430,1016,2,0x0f5c28f3,2999999,65,0
20450,1017,2,0x0f5c28f3,2999999,74,0
20470,1018,2,0x0f5c28f3,2999999,90,0
20490,1019,2,0x0f5c28f3,2999999,112,0
20510,1020,2,0x0f5c28f3,2999999,135,0
20530,1021,2,0x0f5c28f3,2999999,158,0
20550,1022,2,0x0f5c28f3,2999999,177,0
20570,1023,2,0x0f5c28f3,2999999,188,0
20590,1024,2,0x0f5c28f3,2999999,191,0
20610,1025,2,0x0f5c28f3,2999999,185,0
20630,1026,2,0x0f5c28f3,2999999,171,0
20650,1027,2,0x0f5c28f3,2999999,151,0
20670,1028,2,0x0f5c28f3,2999999,128,0
20690,1029,2,0x0f5c28f3,2999999,104,0
20710,1030,2,0x0f5c28f3,2999999,84,0
20730,1031,2,0x0f5c28f3,2999999,70,0
20750,1032,2,0x0f5c28f3,2999999,64,0
20770,1033,2,0x0f5c28f3,2999999,67,0
20790,1034,2,0x0f5c28f3,2999999,78,0
20810,1035,2,0x0f5c28f3,2999999,97,0
20830,1036,2,0x0f5c28f3,2999999,119,0
20850,1037,2,0x0f5c28f3,2999999,143,0
20870,1038,2,0x0f5c28f3,2999999,165,0
20890,1039,2,0x0f5c28f3,2999999,181,0
20910,1040,2,0x0f5c28f3,2999999,190,0
20930,1041,2,0x0f5c28f3,2999999,190,0
20950,1042,2,0x0f5c28f3,2999999,181,0
20970,1043,2,0x0f5c28f3,2999999,165,0
20990,1044,2,0x0f5c28f3,2999999,143,0
21010,1045,2,0x0f5c28f3,2999999,120,0
21030,1046,2,0x0f5c28f3,2999999,97,0
21050,1047,2,0x0f5c28f3,2999999,78,0
21070,1048,2,0x0f5c28f3,2999999,67,0
21090,1049,2,0x0f5c28f3,2999999,64,0
21110,1050,2,0x0f5c28f3,2999999,70,0
21130,1051,2,0x0f5c28f3,2999999,84,0
21150,1052,2,0x0f5c28f3,2999999,104,0
21170,1053,2,0x0f5c28f3,2999999,127,0
21190,1054,2,0x0f5c28f3,2999999,151,0
21210,1055,2,0x0f5c28f3,2999999,171,0
21230,1056,2,0x0f5c28f3,2999999,185,0
21250,1057,2,0x0f5c28f3,2999999,191,0
21270,1058,2,0x0f5c28f3,2999999,188,0
21290,1059,2,0x0f5c28f3,2999999,177,0
21310,1060,2,0x0f5c28f3,2999999,158,0
21330,1061,2,0x0f5c28f3,2999999,136,0
21350,1062,2,0x0f5c28f3,2999999,112,0
21370,1063,2,0x0f5c28f3,2999999,90,0
21390,1064,2,0x0f5c28f3,2999999,74,0
21410,1065,2,0x0f5c28f3,2999999,65,0
21430,1066,2,0x0f5c28f3,2999999,65,0
21450,1067,2,0x0f5c28f3,2999999,74,0
21470,1068,2,0x0f5c28f3,2999999,90,0
21490,1069,2,0x0f5c28f3,2999999,112,0
21510,1070,2,0x0f5c28f3,2999999,135,0
21530,1071,2,0x0f5c28f3,2999999,158,0
21550,1072,2,0x0f5c28f3,2999999,177,0
21570,1073,2,0x0f5c28f3,2999999,188,0
21590,1074,2,0x0f5c28f3,2999999,191,0
21610,1075,2,0x0f5c28f3,2999999,185,0
21630,1076,2,0x0f5c28f3,2999999,171,0
21650,1077,2,0x0f5c28f3,2999999,151,0
21670,1078,2,0x0f5c28f3,2999999,128,0
21690,1079,2,0x0f5c28f3,2999999,104,0
21710,1080,2,0x0f5c28f3,2999999,84,0
21730,1081,2,0x0f5c28f3,2999999,70,0
21750,1082,2,0x0f5c28f3,2999999,64,0
21770,1083,2,0x0f5c28f3,2999999,67,0
21790,1084,2,0x0f5c28f3,2999999,78,0
21810,1085,2,0x0f5c28f3,2999999,97,0
21830,1086,2,0x0f5c28f3,2999999,119,0
21850,1087,2,0x0f5c28f3,2999999,143,0
21870,1088,2,0x0f5c28f3,2999999,165,0
21890,1089,2,0x0f5c28f3,2999999,181,0
21910,1090,2,0x0f5c28f3,2999999,190,0
21930,1091,2,0x0f5c28f3,2999999,190,0
21950,1092,2,0x0f5c28f3,2999999,181,0
21970,1093,2,0x0f5c28f3,2999999,165,0
21990,1094,2,0x0f5c28f3,2999999,143,0
22010,1095,2,0x0f5c28f3,2999999,120,0
22030,1096,2,0x0f5c28f3,2999999,97,0
22050,1097,2,0x0f5c28f3,2999999,78,0
22070,1098,2,0x0f5c28f3,2999999,67,0
22090,1099,2,0x0f5c28f3,2999999,64,0
22110,1100,2,0x0f5c28f3,2999999,70,0
22130,1101,2,0x0f5c28f3,2999999,84,0
22150,1102,2,0x0f5c28f3,2999999,104,0
22170,1103,2,0x0f5c28f3,2999999,127,0
22190,1104,2,0x0f5c28f3,2999999,151,0
22210,1105,2,0x0f5c28f3,2999999,171,0
22230,1106,2,0x0f5c28f3,2999999,185,0
22250,1107,2,0x0f5c28f3,2999999,191,0
22270,1108,2,0x0f5c28f3,2999999,188,0
22290,1109,2,0x0f5c28f3,2999999,177,0
22310,1110,2,0x0f5c28f3,2999999,158,0
22330,1111,2,0x0f5c28f3,2999999,136,0
22350,1112,2,0x0f5c28f3,2999999,112,0
22370,1113,2,0x0f5c28f3,2999999,90,0
22390,1114,2,0x0f5c28f3,2999999,74,0
22410,1115,2,0x0f5c28f3,2999999,65,0
22430,1116,2,0x0f5c28f3,2999999,65,0
22450,1117,2,0x0f5c28f3,2999999,74,0
22470,1118,2,0x0f5c28f3,2999999,90,0
22490,1119,2,0x0f5c28f3,2999999,112,0
22510,1120,2,0x0f5c28f3,2999999,135,0
22530,1121,2,0x0f5c28f3,2999999,158,0
22550,1122,2,0x0f5c28f3,2999999,177,0
22570,1123,2,0x0f5c28f3,2999999,188,0
22590,1124,2,0x0f5c28f3,2999999,191,0
22610,1125,2,0x0f5c28f3,2999999,185,0
22630,1126,2,0x0f5c28f3,2999999,171,0
22650,1127,2,0x0f5c28f3,2999999,151,0
22670,1128,2,0x0f5c28f3,2999999,128,0
22690,1129,2,0x0f5c28f3,2999999,104,0
22710,1130,2,0x0f5c28f3,2999999,84,0
22730,1131,2,0x0f5c28f3,2999999,70,0
22750,1132,2,0x0f5c28f3,2999999,64,0
22770,1133,2,0x0f5c28f3,2999999,67,0
22790,1134,2,0x0f5c28f3,2999999,78,0
22810,1135,2,0x0f5c28f3,2999999,97,0
22830,1136,2,0x0f5c28f3,2999999,119,0
22850,1137,2,0x0f5c28f3,2999999,143,0
22870,1138,2,0x0f5c28f3,2999999,165,0
22890,1139,2,0x0f5c28f3,2999999,181,0
22910,1140,2,0x0f5c28f3,2999999,190,0
22930,1141,2,0x0f5c28f3,2999999,190,0
22950,1142,2,0x0f5c28f3,2999999,181,0
22970,1143,2,0x0f5c28f3,2999999,165,0
22990,1144,2,0x0f5c28f3,2999999,143,0
23010,1145,2,0x0f5c28f3,2999999,120,0
23030,1146,2,0x0f5c28f3,2999999,97,0
23050,1147,2,0x0f5c28f3,2999999,78,0
23070,1148,2,0x0f5c28f3,2999999,67,0
23090,1149,2,0x0f5c28f3,2999999,64,0
23110,1150,2,0x0f5c28f3,2999999,70,0
23130,1151,2,0x0f5c28f3,2999999,84,0
23150,1152,2,0x0f5c28f3,2999999,104,0
23170,1153,2,0x0f5c28f3,2999999,127,0
23190,1154,2,0x0f5c28f3,2999999,151,0
23210,1155,2,0x0f5c28f3,2999999,171,0
23230,1156,2,0x0f5c28f3,2999999,185,0
23250,1157,2,0x0f5c28f3,2999999,191,0
23270,1158,2,0x0f5c28f3,2999999,188,0
23290,1159,2,0x0f5c28f3,2999999,177,0
23310,1160,2,0x0f5c28f3,2999999,158,0
23330,1161,2,0x0f5c28f3,2999999,136,0
23350,1162,2,0x0f5c28f3,2999999,112,0
23370,1163,2,0x0f5c28f3,2999999,90,0
23390,1164,2,0x0f5c28f3,2999999,74,0
23410,1165,2,0x0f5c28f3,2999999,65,0
23430,1166,2,0x0f5c28f3,2999999,65,0
23450,1167,2,0x0f5c28f3,2999999,74,0
23470,1168,2,0x0f5c28f3,2999999,90,0
23490,1169,2,0x0f5c28f3,2999999,112,0
23510,1170,2,0x0f5c28f3,2999999,135,0
23530,1171,2,0x0f5c28f3,2999999,158,0
23550,1172,2,0x0f5c28f3,2999999,177,0
23570,1173,2,0x0f5c28f3,2999999,188,0
23590,1174,2,0x0f5c28f3,2999999,191,0
23610,1175,2,0x0f5c28f3,2999999,185,0
23630,1176,2,0x0f5c28f3,2999999,171,0
23650,1177,2,0x0f5c28f3,2999999,151,0
23670,1178,2,0x0f5c28f3,2999999,128,0
23690,1179,2,0x0f5c28f3,2999999,104,0
23710,1180,2,0x0f5c28f3,2999999,84,0
23730,1181,2,0x0f5c28f3,2999999,70,0
23750,1182,2,0x0f5c28f3,2999999,64,0
23770,1183,2,0x0f5c28f3,2999999,67,0
23790,1184,2,0x0f5c28f3,2999999,78,0
23810,1185,2,0x0f5c28f3,2999999,97,0
23830,1186,2,0x0f5c28f3,2999999,119,0
23850,1187,2,0x0f5c28f3,2999999,143,0
23870,1188,2,0x0f5c28f3,2999999,165,0
23890,1189,2,0x0f5c28f3,2999999,181,0
23910,1190,2,0x0f5c28f3,2999999,190,0
23930,1191,2,0x0f5c28f3,2999999,190,0
23950,1192,2,0x0f5c28f3,2999999,181,0
23970,1193,2,0x0f5c28f3,2999999,165,0
23990,1194,2,0x0f5c28f3,2999999,143,0
24010,1195,2,0x0f5c28f3,2999999,120,0
24030,1196,2,0x0f5c28f3,2999999,97,0
24050,1197,2,0x0f5c28f3,2999999,78,0
24070,1198,2,0x0f5c28f3,2999999,67,0
24090,1199,2,0x0f5c28f3,2999999,64,0
24110,1200,2,0x0f5c28f3,2999999,70,0
24130,1201,2,0x0f5c28f3,2999999,84,0
24150,1202,2,0x0f5c28f3,2999999,104,0
24170,1203,2,0x0f5c28f3,2999999,127,0
24190,1204,2,0x0f5c28f3,2999999,151,0
24210,1205,2,0x0f5c28f3,2999999,171,0
24230,1206,2,0x0f5c28f3,2999999,185,0
24250,1207,2,0x0f5c28f3,2999999,191,0
24270,1208,2,0x0f5c28f3,2999999,188,0
24290,1209,2,0x0f5c28f3,2999999,177,0
24310,1210,2,0x0f5c28f3,2999999,158,0
24330,1211,2,0x0f5c28f3,2999999,136,0
24350,1212,2,0x0f5c28f3,2999999,112,0
24370,1213,2,0x0f5c28f3,2999999,90,0
24390,1214,2,0x0f5c28f3,2999999,74,0
24410,1215,2,0x0f5c28f3,2999999,65,0
24430,1216,2,0x0f5c28f3,2999999,65,0
24450,1217,2,0x0f5c28f3,2999999,74,0
24470,1218,2,0x0f5c28f3,2999999,90,0
24490,1219,2,0x0f5c28f3,2999999,112,0
24510,1220,2,0x0f5c28f3,2999999,135,0
24530,1221,2,0x0f5c28f3,2999999,158,0
24550,1222,2,0x0f5c28f3,2999999,177,0
24570,1223,2,0x0f5c28f3,2999999,188,0
24590,1224,2,0x0f5c28f3,2999999,191,0
24610,1225,2,0x0f5c28f3,2999999,185,0
24630,1226,2,0x0f5c28f3,2999999,171,0
24650,1227,2,0x0f5c28f3,2999999,151,0
24670,1228,2,0x0f5c28f3,2999999,128,0
24690,1229,2,0x0f5c28f3,2999999,104,0
24710,1230,2,0x0f5c28f3,2999999,84,0
24730,1231,2,0x0f5c28f3,2999999,70,0
24750,1232,2,0x0f5c28f3,2999999,64,0
24770,1233,2,0x0f5c28f3,2999999,67,0
24790,1234,2,0x0f5c28f3,2999999,78,0
24810,1235,2,0x0f5c28f3,2999999,97,0
24830,1236,2,0x0f5c28f3,2999999,119,0
24850,1237,2,0x0f5c28f3,2999999,143,0
24870,1238,2,0x0f5c28f3,2999999,165,0
24890,1239,2,0x0f5c28f3,2999999,181,0
24910,1240,2,0x0f5c28f3,2999999,190,0
24930,1241,2,0x0f5c28f3,2999999,190,0
24950,1242,2,0x0f5c28f3,2999999,181,0
24970,1243,2,0x0f5c28f3,2999999,165,0
24990,1244,2,0x0f5c28f3,2999999,143,0
25010,1245,2,0x0f5c28f3,2999999,120,0
25030,1246,2,0x0f5c28f3,2999999,97,0
25050,1247,2,0x0f5c28f3,2999999,78,0
25070,1248,2,0x0f5c28f3,2999999,67,0
25090,1249,2,0x0f5c28f3,2999999,64,0
25110,1250,2,0x0f5c28f3,2999999,70,0
25130,1251,2,0x0f5c28f3,2999999,84,0
25150,1252,2,0x0f5c28f3,2999999,104,0
25170,1253,2,0x0f5c28f3,2999999,127,0
25190,1254,2,0x0f5c28f3,2999999,151,0
25210,1255,2,0x0f5c28f3,2999999,171,0
25230,1256,2,0x0f5c28f3,2999999,185,0
25250,1257,2,0x0f5c28f3,2999999,191,0
25270,1258,2,0x0f5c28f3,2999999,188,0
25290,1259,2,0x0f5c28f3,2999999,177,0
25310,1260,2,0x0f5c28f3,2999999,158,0
25330,1261,2,0x0f5c28f3,2999999,136,0
25350,1262,2,0x0f5c28f3,2999999,112,0
25370,1263,2,0x0f5c28f3,2999999,90,0
25390,1264,2,0x0f5c28f3,2999999,74,0
25410,1265,2,0x0f5c28f3,2999999,65,0
25430,1266,2,0x0f5c28f3,2999999,65,0
25450,1267,2,0x0f5c28f3,2999999,74,0
25470,1268,2,0x0f5c28f3,2999999,90,0
25490,1269,2,0x0f5c28f3,2999999,112,0
25510,1270,2,0x0f5c28f3,2999999,135,0
25530,1271,2,0x0f5c28f3,2999999,158,0
25550,1272,2,0x0f5c28f3,2999999,177,0
25570,1273,2,0x0f5c28f3,2999999,188,0
25590,1274,2,0x0f5c28f3,2999999,191,0
25610,1275,2,0x0f5c28f3,2999999,185,0
25630,1276,2,0x0f5c28f3,2999999,171,0
25650,1277,2,0x0f5c28f3,2999999,151,0
25670,1278,2,0x0f5c28f3,2999999,128,0
25690,1279,2,0x0f5c28f3,2999999,104,0
25710,1280,2,0x0f5c28f3,2999999,84,0
25730,1281,2,0x0f5c28f3,2999999,70,0
25750,1282,2,0x0f5c28f3,2999999,64,0
25770,1283,2,0x0f5c28f3,2999999,67,0
25790,1284,2,0x0f5c28f3,2999999,78,0
25810,1285,2,0x0f5c28f3,2999999,97,0
25830,1286,2,0x0f5c28f3,2999999,119,0
25850,1287,2,0x0f5c28f3,2999999,143,0
25870,1288,2,0x0f5c28f3,2999999,165,0
25890,1289,2,0x0f5c28f3,2999999,181,0
25910,1290,2,0x0f5c28f3,2999999,190,0
25930,1291,2,0x0f5c28f3,2999999,190,0
25950,1292,2,0x0f5c28f3,2999999,181,0
25970,1293,2,0x0f5c28f3,2999999,165,0
25990,1294,2,0x0f5c28f3,2999999,143,0
26010,1295,2,0x0f5c28f3,2999999,120,0
26030,1296,2,0x0f5c28f3,2999999,97,0
26050,1297,2,0x0f5c28f3,2999999,78,0
26070,1298,2,0x0f5c28f3,2999999,67,0
26090,1299,2,0x0f5c28f3,2999999,64,0
26110,1300,2,0x0f5c28f3,2999999,70,0
26130,1301,2,0x0f5c28f3,2999999,84,0
26150,1302,2,0x0f5c28f3,2999999,104,0
26170,1303,2,0x0f5c28f3,2999999,127,0
26190,1304,2,0x0f5c28f3,2999999,151,0
26210,1305,2,0x0f5c28f3,2999999,171,0
26230,1306,2,0x0f5c28f3,2999999,185,0
26250,1307,2,0x0f5c28f3,2999999,191,0
26270,1308,2,0x0f5c28f3,2999999,188,0
26290,1309,2,0x0f5c28f3,2999999,177,0
26310,1310,2,0x0f5c28f3,2999999,158,0
26330,1311,2,0x0f5c28f3,2999999,136,0
26350,1312,2,0x0f5c28f3,2999999,112,0
26370,1313,2,0x0f5c28f3,2999999,90,0
26390,1314,2,0x0f5c28f3,2999999,74,0
26410,1315,2,0x0f5c28f3,2999999,65,0
26430,1316,2,0x0f5c28f3,2999999,65,0
26450,1317,2,0x0f5c28f3,2999999,74,0
26470,1318,2,0x0f5c28f3,2999999,90,0
26490,1319,2,0x0f5c28f3,2999999,112,0
26510,1320,2,0x0f5c28f3,2999999,135,0
26530,1321,2,0x0f5c28f3,2999999,158,0
26550,1322,2,0x0f5c28f3,2999999,177,0
26570,1323,2,0x0f5c28f3,2999999,188,0
26590,1324,2,0x0f5c28f3,2999999,191,0
26610,1325,2,0x0f5c28f3,2999999,185,0
26630,1326,2,0x0f5c28f3,2999999,171,0
26650,1327,2,0x0f5c28f3,2999999,151,0
26670,1328,2,0x0f5c28f3,2999999,128,0
26690,1329,2,0x0f5c28f3,2999999,104,0
26710,1330,2,0x0f5c28f3,2999999,84,0
26730,1331,2,0x0f5c28f3,2999999,70,0
26750,1332,2,0x0f5c28f3,2999999,64,0
26770,1333,2,0x0f5c28f3,2999999,67,0
26790,1334,2,0x0f5c28f3,2999999,78,0
26810,1335,2,0x0f5c28f3,2999999,97,0
26830,1336,2,0x0f5c28f3,2999999,119,0
26850,1337,2,0x0f5c28f3,2999999,143,0
26870,1338,2,0x0f5c28f3,2999999,165,0
26890,1339,2,0x0f5c28f3,2999999,181,0
26910,1340,2,0x0f5c28f3,2999999,190,0
26930,1341,2,0x0f5c28f3,2999999,190,0
26950,1342,2,0x0f5c28f3,2999999,181,0
26970,1343,2,0x0f5c28f3,2999999,165,0
26990,1344,2,0x0f5c28f3,2999999,143,0
27010,1345,2,0x0f5c28f3,2999999,120,0
27030,1346,2,0x0f5c28f3,2999999,97,0
27050,1347,2,0x0f5c28f3,2999999,78,0
27070,1348,2,0x0f5c28f3,2999999,67,0
27090,1349,2,0x0f5c28f3,2999999,64,0
27110,1350,2,0x0f5c28f3,2999999,70,0
27130,1351,2,0x0f5c28f3,2999999,84,0
27150,1352,2,0x0f5c28f3,2999999,104,0
27170,1353,2,0x0f5c28f3,2999999,127,0
27190,1354,2,0x0f5c28f3,2999999,151,0
27210,1355,2,0x0f5c28f3,2999999,171,0
27230,1356,2,0x0f5c28f3,2999999,185,0
27250,1357,2,0x0f5c28f3,2999999,191,0
27270,1358,2,0x0f5c28f3,2999999,188,0
27290,1359,2,0x0f5c28f3,2999999,177,0
27310,1360,2,0x0f5c28f3,2999999,158,0
27330,1361,2,0x0f5c28f3,2999999,136,0
27350,1362,2,0x0f5c28f3,2999999,112,0
27370,1363,2,0x0f5c28f3,2999999,90,0
27390,1364,2,0x0f5c28f3,2999999,74,0
27410,1365,2,0x0f5c28f3,2999999,65,0
27430,1366,2,0x0f5c28f3,2999999,65,0
27450,1367,2,0x0f5c28f3,2999999,74,0
27470,1368,2,0x0f5c28f3,2999999,90,0
27490,1369,2,0x0f5c28f3,2999999,112,0
27510,1370,2,0x0f5c28f3,2999999,135,0
27530,1371,2,0x0f5c28f3,2999999,158,0
27550,1372,2,0x0f5c28f3,2999999,177,0
27570,1373,2,0x0f5c28f3,2999999,188,0
27590,1374,2,0x0f5c28f3,2999999,191,0
27610,1375,2,0x0f5c28f3,2999999,185,0
27630,1376,2,0x0f5c28f3,2999999,171,0
27650,1377,2,0x0f5c28f3,2999999,151,0
27670,1378,2,0x0f5c28f3,2999999,128,0
27690,1379,2,0x0f5c28f3,2999999,104,0
27710,1380,2,0x0f5c28f3,2999999,84,0
27730,1381,2,0x0f5c28f3,2999999,70,0
27750,1382,2,0x0f5c28f3,2999999,64,0
27770,1383,2,0x0f5c28f3,2999999,67,0
27790,1384,2,0x0f5c28f3,2999999,78,0
27810,1385,2,0x0f5c28f3,2999999,97,0
27830,1386,2,0x0f5c28f3,2999999,119,0
27850,1387,2,0x0f5c28f3,2999999,143,0
27870,1388,2,0x0f5c28f3,2999999,165,0
27890,1389,2,0x0f5c28f3,2999999,181,0
27910,1390,2,0x0f5c28f3,2999999,190,0
27930,1391,2,0x0f5c28f3,2999999,190,0
27950,1392,2,0x0f5c28f3,2999999,181,0
27970,1393,2,0x0f5c28f3,2999999,165,0
27990,1394,2,0x0f5c28f3,2999999,143,0
28010,1395,2,0x0f5c28f3,2999999,120,0
28030,1396,2,0x0f5c28f3,2999999,97,0
28050,1397,2,0x0f5c28f3,2999999,78,0
28070,1398,2,0x0f5c28f3,2999999,67,0
28090,1399,2,0x0f5c28f3,2999999,64,0
28110,1400,2,0x0f5c28f3,2999999,70,0
28130,1401,2,0x0f5c28f3,2999999,84,0
28150,1402,2,0x0f5c28f3,2999999,104,0
28170,1403,2,0x0f5c28f3,2999999,127,0
28190,1404,2,0x0f5c28f3,2999999,151,0
28210,1405,2,0x0f5c28f3,2999999,171,0
28230,1406,2,0x0f5c28f3,2999999,185,0
28250,1407,2,0x0f5c28f3,2999999,191,0
28270,1408,2,0x0f5c28f3,2999999,188,0
28290,1409,2,0x0f5c28f3,2999999,177,0
28310,1410,2,0x0f5c28f3,2999999,158,0
28330,1411,2,0x0f5c28f3,2999999,136,0
28350,1412,2,0x0f5c28f3,2999999,112,0
28370,1413,2,0x0f5c28f3,2999999,90,0
28390,1414,2,0x0f5c28f3,2999999,74,0
28410,1415,2,0x0f5c28f3,2999999,65,0
28430,1416,2,0x0f5c28f3,2999999,65,0
28450,1417,2,0x0f5c28f3,2999999,74,0
28470,1418,2,0x0f5c28f3,2999999,90,0
28490,1419,2,0x0f5c28f3,2999999,112,0
28510,1420,2,0x0f5c28f3,2999999,135,0
28530,1421,2,0x0f5c28f3,2999999,158,0
28550,1422,2,0x0f5c28f3,2999999,177,0
28570,1423,2,0x0f5c28f3,2999999,188,0
28590,1424,2,0x0f5c28f3,2999999,191,0
28610,1425,2,0x0f5c28f3,2999999,185,0
28630,1426,2,0x0f5c28f3,2999999,171,0
28650,1427,2,0x0f5c28f3,2999999,151,0
28670,1428,2,0x0f5c28f3,2999999,128,0
28690,1429,2,0x0f5c28f3,2999999,104,0
28710,1430,2,0x0f5c28f3,2999999,84,0
28730,1431,2,0x0f5c28f3,2999999,70,0
28750,1432,2,0x0f5c28f3,2999999,64,0
28770,1433,2,0x0f5c28f3,2999999,67,0
28790,1434,2,0x0f5c28f3,2999999,78,0
28810,1435,2,0x0f5c28f3,2999999,97,0
28830,1436,2,0x0f5c28f3,2999999,119,0
28850,1437,2,0x0f5c28f3,2999999,143,0
28870,1438,2,0x0f5c28f3,2999999,165,0
28890,1439,2,0x0f5c28f3,2999999,181,0
28910,1440,2,0x0f5c28f3,2999999,190,0
28930,1441,2,0x0f5c28f3,2999999,190,0
28950,1442,2,0x0f5c28f3,2999999,181,0
28970,1443,2,0x0f5c28f3,2999999,165,0
28990,1444,2,0x0f5c28f3,2999999,143,0
29010,1445,2,0x0f5c28f3,2999999,120,0
29030,1446,2,0x0f5c28f3,2999999,97,0
29050,1447,2,0x0f5c28f3,2999999,78,0
29070,1448,2,0x0f5c28f3,2999999,67,0
29090,1449,2,0x0f5c28f3,2999999,64,0
29110,1450,2,0x0f5c28f3,2999999,70,0
29130,1451,2,0x0f5c28f3,2999999,84,0
29150,1452,2,0x0f5c28f3,2999999,104,0
29170,1453,2,0x0f5c28f3,2999999,127,0
29190,1454,2,0x0f5c28f3,2999999,151,0
29210,1455,2,0x0f5c28f3,2999999,171,0
29230,1456,2,0x0f5c28f3,2999999,185,0
29250,1457,2,0x0f5c28f3,2999999,191,0
29270,1458,2,0x0f5c28f3,2999999,188,0
29290,1459,2,0x0f5c28f3,2999999,177,0
29310,1460,2,0x0f5c28f3,2999999,158,0
29330,1461,2,0x0f5c28f3,2999999,136,0
29350,1462,2,0x0f5c28f3,2999999,112,0
29370,1463,2,0x0f5c28f3,2999999,90,0
29390,1464,2,0x0f5c28f3,2999999,74,0
29410,1465,2,0x0f5c28f3,2999999,65,0
29430,1466,2,0x0f5c28f3,2999999,65,0
29450,1467,2,0x0f5c28f3,2999999,74,0
29470,1468,2,0x0f5c28f3,2999999,90,0
29490,1469,2,0x0f5c28f3,2999999,112,0
29510,1470,2,0x0f5c28f3,2999999,135,0
29530,1471,2,0x0f5c28f3,2999999,158,0
29550,1472,2,0x0f5c28f3,2999999,177,0
29570,1473,2,0x0f5c28f3,2999999,188,0
29590,1474,2,0x0f5c28f3,2999999,191,0
29610,1475,2,0x0f5c28f3,2999999,185,0
29630,1476,2,0x0f5c28f3,2999999,171,0
29650,1477,2,0x0f5c28f3,2999999,151,0
29670,1478,2,0x0f5c28f3,2999999,128,0
29690,1479,2,0x0f5c28f3,2999999,104,0
29710,1480,2,0x0f5c28f3,2999999,84,0
29730,1481,2,0x0f5c28f3,2999999,70,0
29750,1482,2,0x0f5c28f3,2999999,64,0
29770,1483,2,0x0f5c28f3,2999999,67,0
29790,1484,2,0x0f5c28f3,2999999,78,0
29810,1485,2,0x0f5c28f3,2999999,97,0
29830,1486,2,0x0f5c28f3,2999999,119,0
29850,1487,2,0x0f5c28f3,2999999,143,0
29870,1488,2,0x0f5c28f3,2999999,165,0
29890,1489,2,0x0f5c28f3,2999999,181,0
29910,1490,2,0x0f5c28f3,2999999,190,0
29930,1491,2,0x0f5c28f3,2999999,190,0
29950,1492,2,0x0f5c28f3,2999999,181,0
29970,1493,2,0x0f5c28f3,2999999,165,0
29990,1494,2,0x0f5c28f3,2999999,143,0
30010,1495,2,0x0f5c28f3,2999999,120,0
30030,1496,2,0x0f5c28f3,2999999,97,0
30050,1497,2,0x0f5c28f3,2999999,78,0
30070,1498,2,0x0f5c28f3,2999999,67,0
30090,1499,2,0x0f5c28f3,2999999,64,0
30110,1500,2,0x147ae144,3999999,70,1
30130,1501,3,0x147ae144,3999999,84,0
30150,1502,3,0x147ae144,3999999,104,0
30170,1503,3,0x147ae144,3999999,128,0
30190,1504,3,0x147ae144,3999999,158,0
30210,1505,3,0x147ae144,3999999,181,0
30230,1506,3,0x147ae144,3999999,191,0
30250,1507,3,0x147ae144,3999999,185,0
30270,1508,3,0x147ae144,3999999,165,0
30290,1509,3,0x147ae144,3999999,136,0
30310,1510,3,0x147ae144,3999999,104,0
30330,1511,3,0x147ae144,3999999,78,0
30350,1512,3,0x147ae144,3999999,65,0
30370,1513,3,0x147ae144,3999999,67,0
30390,1514,3,0x147ae144,3999999,84,0
30410,1515,3,0x147ae144,3999999,112,0
30430,1516,3,0x147ae144,3999999,143,0
30450,1517,3,0x147ae144,3999999,171,0
30470,1518,3,0x147ae144,3999999,188,0
30490,1519,3,0x147ae144,3999999,190,0
30510,1520,3,0x147ae144,3999999,177,0
30530,1521,3,0x147ae144,3999999,151,0
30550,1522,3,0x147ae144,3999999,120,0
30570,1523,3,0x147ae144,3999999,90,0
30590,1524,3,0x147ae144,3999999,70,0
30610,1525,3,0x147ae144,3999999,64,0
30630,1526,3,0x147ae144,3999999,74,0
30650,1527,3,0x147ae144,3999999,97,0
30670,1528,3,0x147ae144,3999999,127,0
30690,1529,3,0x147ae144,3999999,158,0
30710,1530,3,0x147ae144,3999999,181,0
30730,1531,3,0x147ae144,3999999,191,0
30750,1532,3,0x147ae144,3999999,185,0
30770,1533,3,0x147ae144,3999999,165,0
30790,1534,3,0x147ae144,3999999,136,0
30810,1535,3,0x147ae144,3999999,104,0
30830,1536,3,0x147ae144,3999999,78,0
30850,1537,3,0x147ae144,3999999,65,0
30870,1538,3,0x147ae144,3999999,67,0
30890,1539,3,0x147ae144,3999999,84,0
30910,1540,3,0x147ae144,3999999,112,0
30930,1541,3,0x147ae144,3999999,143,0
30950,1542,3,0x147ae144,3999999,171,0
30970,1543,3,0x147ae144,3999999,188,0
30990,1544,3,0x147ae144,3999999,190,0
31010,1545,3,0x147ae144,3999999,177,0
31030,1546,3,0x147ae144,3999999,151,0
31050,1547,3,0x147ae144,3999999,120,0
31070,1548,3,0x147ae144,3999999,90,0
31090,1549,3,0x147ae144,3999999,70,0
31110,1550,3,0x147ae144,3999999,64,0
31130,1551,3,0x147ae144,3999999,74,0
31150,1552,3,0x147ae144,3999999,97,0
31170,1553,3,0x147ae144,3999999,127,0
31190,1554,3,0x147ae144,3999999,158,0
31210,1555,3,0x147ae144,3999999,181,0
31230,1556,3,0x147ae144,3999999,191,0
31250,1557,3,0x147ae144,3999999,185,0
31270,1558,3,0x147ae144,3999999,165,0
31290,1559,3,0x147ae144,3999999,136,0
31310,1560,3,0x147ae144,3999999,104,0
31330,1561,3,0x147ae144,3999999,78,0
31350,1562,3,0x147ae144,3999999,65,0
31370,1563,3,0x147ae144,3999999,67,0
31390,1564,3,0x147ae144,3999999,84,0
31410,1565,3,0x147ae144,3999999,112,0
31430,1566,3,0x147ae144,3999999,143,0
31450,1567,3,0x147ae144,3999999,171,0
31470,1568,3,0x147ae144,3999999,188,0
31490,1569,3,0x147ae144,3999999,190,0
31510,1570,3,0x147ae144,3999999,177,0
31530,1571,3,0x147ae144,3999999,151,0
31550,1572,3,0x147ae144,3999999,120,0
31570,1573,3,0x147ae144,3999999,90,0
31590,1574,3,0x147ae144,3999999,70,0
31610,1575,3,0x147ae144,3999999,64,0
31630,1576,3,0x147ae144,3999999,74,0
31650,1577,3,0x147ae144,3999999,97,0
31670,1578,3,0x147ae144,3999999,127,0
31690,1579,3,0x147ae144,3999999,158,0
31710,1580,3,0x147ae144,3999999,181,0
31730,1581,3,0x147ae144,3999999,191,0
31750,1582,3,0x147ae144,3999999,185,0
31770,1583,3,0x147ae144,3999999,165,0
31790,1584,3,0x147ae144,3999999,136,0
31810,1585,3,0x147ae144,3999999,104,0
31830,1586,3,0x147ae144,3999999,78,0
31850,1587,3,0x147ae144,3999999,65,0
31870,1588,3,0x147ae144,3999999,67,0
31890,1589,3,0x147ae144,3999999,84,0
31910,1590,3,0x147ae144,3999999,112,0
31930,1591,3,0x147ae144,3999999,143,0
31950,1592,3,0x147ae144,3999999,171,0
31970,1593,3,0x147ae144,3999999,188,0
31990,1594,3,0x147ae144,3999999,190,0
32010,1595,3,0x147ae144,3999999,177,0
32030,1596,3,0x147ae144,3999999,151,0
32050,1597,3,0x147ae144,3999999,120,0
32070,1598,3,0x147ae144,3999999,90,0
32090,1599,3,0x147ae144,3999999,70,0
32110,1600,3,0x147ae144,3999999,64,0
32130,1601,3,0x147ae144,3999999,74,0
32150,1602,3,0x147ae144,3999999,97,0
32170,1603,3,0x147ae144,3999999,127,0
32190,1604,3,0x147ae144,3999999,158,0
32210,1605,3,0x147ae144,3999999,181,0
32230,1606,3,0x147ae144,3999999,191,0
32250,1607,3,0x147ae144,3999999,185,0
32270,1608,3,0x147ae144,3999999,165,0
32290,1609,3,0x147ae144,3999999,136,0
32310,1610,3,0x147ae144,3999999,104,0
32330,1611,3,0x147ae144,3999999,78,0
32350,1612,3,0x147ae144,3999999,65,0
32370,1613,3,0x147ae144,3999999,67,0
32390,1614,3,0x147ae144,3999999,84,0
32410,1615,3,0x147ae144,3999999,112,0
32430,1616,3,0x147ae144,3999999,143,0
32450,1617,3,0x147ae144,3999999,171,0
32470,1618,3,0x147ae144,3999999,188,0
32490,1619,3,0x147ae144,3999999,190,0
32510,1620,3,0x147ae144,3999999,177,0
32530,1621,3,0x147ae144,3999999,151,0
32550,1622,3,0x147ae144,3999999,120,0
32570,1623,3,0x147ae144,3999999,90,0
32590,1624,3,0x147ae144,3999999,70,0
32610,1625,3,0x147ae144,3999999,64,0
32630,1626,3,0x147ae144,3999999,74,0
32650,1627,3,0x147ae144,3999999,97,0
32670,1628,3,0x147ae144,3999999,127,0
32690,1629,3,0x147ae144,3999999,158,0
32710,1630,3,0x147ae144,3999999,181,0
32730,1631,3,0x147ae144,3999999,191,0
32750,1632,3,0x147ae144,3999999,185,0
32770,1633,3,0x147ae144,3999999,165,0
32790,1634,3,0x147ae144,3999999,136,0
32810,1635,3,0x147ae144,3999999,104,0
32830,1636,3,0x147ae144,3999999,78,0
32850,1637,3,0x147ae144,3999999,65,0
32870,1638,3,0x147ae144,3999999,67,0
32890,1639,3,0x147ae144,3999999,84,0
32910,1640,3,0x147ae144,3999999,112,0
32930,1641,3,0x147ae144,3999999,143,0
32950,1642,3,0x147ae144,3999999,171,0
32970,1643,3,0x147ae144,3999999,188,0
32990,1644,3,0x147ae144,3999999,190,0
33010,1645,3,0x147ae144,3999999,177,0
33030,1646,3,0x147ae144,3999999,151,0
33050,1647,3,0x147ae144,3999999,120,0
33070,1648,3,0x147ae144,3999999,90,0
33090,1649,3,0x147ae144,3999999,70,0
33110,1650,3,0x147ae144,3999999,64,0
33130,1651,3,0x147ae144,3999999,74,0
33150,1652,3,0x147ae144,3999999,97,0
33170,1653,3,0x147ae144,3999999,127,0
33190,1654,3,0x147ae144,3999999,158,0
33210,1655,3,0x147ae144,3999999,181,0
33230,1656,3,0x147ae144,3999999,191,0
33250,1657,3,0x147ae144,3999999,185,0
33270,1658,3,0x147ae144,3999999,165,0
33290,1659,3,0x147ae144,3999999,136,0
33310,1660,3,0x147ae144,3999999,104,0
33330,1661,3,0x147ae144,3999999,78,0
33350,1662,3,0x147ae144,3999999,65,0
33370,1663,3,0x147ae144,3999999,67,0
33390,1664,3,0x147ae144,3999999,84,0
33410,1665,3,0x147ae144,3999999,112,0
33430,1666,3,0x147ae144,3999999,143,0
33450,1667,3,0x147ae144,3999999,171,0
33470,1668,3,0x147ae144,3999999,188,0
33490,1669,3,0x147ae144,3999999,190,0
33510,1670,3,0x147ae144,3999999,177,0
33530,1671,3,0x147ae144,3999999,151,0
33550,1672,3,0x147ae144,3999999,120,0
33570,1673,3,0x147ae144,3999999,90,0
33590,1674,3,0x147ae144,3999999,70,0
33610,1675,3,0x147ae144,3999999,64,0
33630,1676,3,0x147ae144,3999999,74,0
33650,1677,3,0x147ae144,3999999,97,0
33670,1678,3,0x147ae144,3999999,127,0
33690,1679,3,0x147ae144,3999999,158,0
33710,1680,3,0x147ae144,3999999,181,0
33730,1681,3,0x147ae144,3999999,191,0
33750,1682,3,0x147ae144,3999999,185,0
33770,1683,3,0x147ae144,3999999,165,0
33790,1684,3,0x147ae144,3999999,136,0
33810,1685,3,0x147ae144,3999999,104,0
33830,1686,3,0x147ae144,3999999,78,0
33850,1687,3,0x147ae144,3999999,65,0
33870,1688,3,0x147ae144,3999999,67,0
33890,1689,3,0x147ae144,3999999,84,0
33910,1690,3,0x147ae144,3999999,112,0
33930,1691,3,0x147ae144,3999999,143,0
33950,1692,3,0x147ae144,3999999,171,0
33970,1693,3,0x147ae144,3999999,188,0
33990,1694,3,0x147ae144,3999999,190,0
34010,1695,3,0x147ae144,3999999,177,0
34030,1696,3,0x147ae144,3999999,151,0
34050,1697,3,0x147ae144,3999999,120,0
34070,1698,3,0x147ae144,3999999,90,0
34090,1699,3,0x147ae144,3999999,70,0
34110,1700,3,0x147ae144,3999999,64,0
34130,1701,3,0x147ae144,3999999,74,0
34150,1702,3,0x147ae144,3999999,97,0
34170,1703,3,0x147ae144,3999999,127,0
34190,1704,3,0x147ae144,3999999,158,0
34210,1705,3,0x147ae144,3999999,181,0
34230,1706,3,0x147ae144,3999999,191,0
34250,1707,3,0x147ae144,3999999,185,0
34270,1708,3,0x147ae144,3999999,165,0
34290,1709,3,0x147ae144,3999999,136,0
34310,1710,3,0x147ae144,3999999,104,0
34330,1711,3,0x147ae144,3999999,78,0
34350,1712,3,0x147ae144,3999999,65,0
34370,1713,3,0x147ae144,3999999,67,0
34390,1714,3,0x147ae144,3999999,84,0
34410,1715,3,0x147ae144,3999999,112,0
34430,1716,3,0x147ae144,3999999,143,0
34450,1717,3,0x147ae144,3999999,171,0
34470,1718,3,0x147ae144,3999999,188,0
34490,1719,3,0x147ae144,3999999,190,0
34510,1720,3,0x147ae144,3999999,177,0
34530,1721,3,0x147ae144,3999999,151,0
34550,1722,3,0x147ae144,3999999,120,0
34570,1723,3,0x147ae144,3999999,90,0
34590,1724,3,0x147ae144,3999999,70,0
34610,1725,3,0x147ae144,3999999,64,0
34630,1726,3,0x147ae144,3999999,74,0
34650,1727,3,0x147ae144,3999999,97,0
34670,1728,3,0x147ae144,3999999,127,0
34690,1729,3,0x147ae144,3999999,158,0
34710,1730,3,0x147ae144,3999999,181,0
34730,1731,3,0x147ae144,3999999,191,0
34750,1732,3,0x147ae144,3999999,185,0
34770,1733,3,0x147ae144,3999999,165,0
34790,1734,3,0x147ae144,3999999,136,0
34810,1735,3,0x147ae144,3999999,104,0
34830,1736,3,0x147ae144,3999999,78,0
34850,1737,3,0x147ae144,3999999,65,0
34870,1738,3,0x147ae144,3999999,67,0
34890,1739,3,0x147ae144,3999999,84,0
34910,1740,3,0x147ae144,3999999,112,0
34930,1741,3,0x147ae144,3999999,143,0
34950,1742,3,0x147ae144,3999999,171,0
34970,1743,3,0x147ae144,3999999,188,0
34990,1744,3,0x147ae144,3999999,190,0
35010,1745,3,0x147ae144,3999999,177,0
35030,1746,3,0x147ae144,3999999,151,0
35050,1747,3,0x147ae144,3999999,120,0
35070,1748,3,0x147ae144,3999999,90,0
35090,1749,3,0x147ae144,3999999,70,0
35110,1750,3,0x147ae144,3999999,64,0
35130,1751,3,0x147ae144,3999999,74,0
35150,1752,3,0x147ae144,3999999,97,0
35170,1753,3,0x147ae144,3999999,127,0
35190,1754,3,0x147ae144,3999999,158,0
35210,1755,3,0x147ae144,3999999,181,0
35230,1756,3,0x147ae144,3999999,191,0
35250,1757,3,0x147ae144,3999999,185,0
35270,1758,3,0x147ae144,3999999,165,0
35290,1759,3,0x147ae144,3999999,136,0
35310,1760,3,0x147ae144,3999999,104,0
35330,1761,3,0x147ae144,3999999,78,0
35350,1762,3,0x147ae144,3999999,65,0
35370,1763,3,0x147ae144,3999999,67,0
35390,1764,3,0x147ae144,3999999,84,0
35410,1765,3,0x147ae144,3999999,112,0
35430,1766,3,0x147ae144,3999999,143,0
35450,1767,3,0x147ae144,3999999,171,0
35470,1768,3,0x147ae144,3999999,188,0
35490,1769,3,0x147ae144,3999999,190,0
35510,1770,3,0x147ae144,3999999,177,0
35530,1771,3,0x147ae144,3999999,151,0
35550,1772,3,0x147ae144,3999999,120,0
35570,1773,3,0x147ae144,3999999,90,0
35590,1774,3,0x147ae144,3999999,70,0
35610,1775,3,0x147ae144,3999999,64,0
35630,1776,3,0x147ae144,3999999,74,0
35650,1777,3,0x147ae144,3999999,97,0
35670,1778,3,0x147ae144,3999999,127,0
35690,1779,3,0x147ae144,3999999,158,0
35710,1780,3,0x147ae144,3999999,181,0
35730,1781,3,0x147ae144,3999999,191,0
35750,1782,3,0x147ae144,3999999,185,0
35770,1783,3,0x147ae144,3999999,165,0
35790,1784,3,0x147ae144,3999999,136,0
35810,1785,3,0x147ae144,3999999,104,0
35830,1786,3,0x147ae144,3999999,78,0
35850,1787,3,0x147ae144,3999999,65,0
35870,1788,3,0x147ae144,3999999,67,0
35890,1789,3,0x147ae144,3999999,84,0
35910,1790,3,0x147ae144,3999999,112,0
35930,1791,3,0x147ae144,3999999,143,0
35950,1792,3,0x147ae144,3999999,171,0
35970,1793,3,0x147ae144,3999999,188,0
35990,1794,3,0x147ae144,3999999,190,0
36010,1795,3,0x147ae144,3999999,177,0
36030,1796,3,0x147ae144,3999999,151,0
36050,1797,3,0x147ae144,3999999,120,0
36070,1798,3,0x147ae144,3999999,90,0
36090,1799,3,0x147ae144,3999999,70,0
36110,1800,3,0x147ae144,3999999,64,0
36130,1801,3,0x147ae144,3999999,74,0
36150,1802,3,0x147ae144,3999999,97,0
36170,1803,3,0x147ae144,3999999,127,0
36190,1804,3,0x147ae144,3999999,158,0
36210,1805,3,0x147ae144,3999999,181,0
36230,1806,3,0x147ae144,3999999,191,0
36250,1807,3,0x147ae144,3999999,185,0
36270,1808,3,0x147ae144,3999999,165,0
36290,1809,3,0x147ae144,3999999,136,0
36310,1810,3,0x147ae144,3999999,104,0
36330,1811,3,0x147ae144,3999999,78,0
36350,1812,3,0x147ae144,3999999,65,0
36370,1813,3,0x147ae144,3999999,67,0
36390,1814,3,0x147ae144,3999999,84,0
36410,1815,3,0x147ae144,3999999,112,0
36430,1816,3,0x147ae144,3999999,143,0
36450,1817,3,0x147ae144,3999999,171,0
36470,1818,3,0x147ae144,3999999,188,0
36490,1819,3,0x147ae144,3999999,190,0
36510,1820,3,0x147ae144,3999999,177,0
36530,1821,3,0x147ae144,3999999,151,0
36550,1822,3,0x147ae144,3999999,120,0
36570,1823,3,0x147ae144,3999999,90,0
36590,1824,3,0x147ae144,3999999,70,0
36610,1825,3,0x147ae144,3999999,64,0
36630,1826,3,0x147ae144,3999999,74,0
36650,1827,3,0x147ae144,3999999,97,0
36670,1828,3,0x147ae144,3999999,127,0
36690,1829,3,0x147ae144,3999999,158,0
36710,1830,3,0x147ae144,3999999,181,0
36730,1831,3,0x147ae144,3999999,191,0
36750,1832,3,0x147ae144,3999999,185,0
36770,1833,3,0x147ae144,3999999,165,0
36790,1834,3,0x147ae144,3999999,136,0
36810,1835,3,0x147ae144,3999999,104,0
36830,1836,3,0x147ae144,3999999,78,0
36850,1837,3,0x147ae144,3999999,65,0
36870,1838,3,0x147ae144,3999999,67,0
36890,1839,3,0x147ae144,3999999,84,0
36910,1840,3,0x147ae144,3999999,112,0
36930,1841,3,0x147ae144,3999999,143,0
36950,1842,3,0x147ae144,3999999,171,0
36970,1843,3,0x147ae144,3999999,188,0
36990,1844,3,0x147ae144,3999999,190,0
37010,1845,3,0x147ae144,3999999,177,0
37030,1846,3,0x147ae144,3999999,151,0
37050,1847,3,0x147ae144,3999999,120,0
37070,1848,3,0x147ae144,3999999,90,0
37090,1849,3,0x147ae144,3999999,70,0
37110,1850,3,0x147ae144,3999999,64,0
37130,1851,3,0x147ae144,3999999,74,0
37150,1852,3,0x147ae144,3999999,97,0
37170,1853,3,0x147ae144,3999999,127,0
37190,1854,3,0x147ae144,3999999,158,0
37210,1855,3,0x147ae144,3999999,181,0
37230,1856,3,0x147ae144,3999999,191,0
37250,1857,3,0x147ae144,3999999,185,0
37270,1858,3,0x147ae144,3999999,165,0
37290,1859,3,0x147ae144,3999999,136,0
37310,1860,3,0x147ae144,3999999,104,0
37330,1861,3,0x147ae144,3999999,78,0
37350,1862,3,0x147ae144,3999999,65,0
37370,1863,3,0x147ae144,3999999,67,0
37390,1864,3,0x147ae144,3999999,84,0
37410,1865,3,0x147ae144,3999999,112,0
37430,1866,3,0x147ae144,3999999,143,0
37450,1867,3,0x147ae144,3999999,171,0
37470,1868,3,0x147ae144,3999999,188,0
37490,1869,3,0x147ae144,3999999,190,0
37510,1870,3,0x147ae144,3999999,177,0
37530,1871,3,0x147ae144,3999999,151,0
37550,1872,3,0x147ae144,3999999,120,0
37570,1873,3,0x147ae144,3999999,90,0
37590,1874,3,0x147ae144,3999999,70,0
37610,1875,3,0x147ae144,3999999,64,0
37630,1876,3,0x147ae144,3999999,74,0
37650,1877,3,0x147ae144,3999999,97,0
37670,1878,3,0x147ae144,3999999,127,0
37690,1879,3,0x147ae144,3999999,158,0
37710,1880,3,0x147ae144,3999999,181,0
37730,1881,3,0x147ae144,3999999,191,0
37750,1882,3,0x147ae144,3999999,185,0
37770,1883,3,0x147ae144,3999999,165,0
37790,1884,3,0x147ae144,3999999,136,0
37810,1885,3,0x147ae144,3999999,104,0
37830,1886,3,0x147ae144,3999999,78,0
37850,1887,3,0x147ae144,3999999,65,0
37870,1888,3,0x147ae144,3999999,67,0
37890,1889,3,0x147ae144,3999999,84,0
37910,1890,3,0x147ae144,3999999,112,0
37930,1891,3,0x147ae144,3999999,143,0
37950,1892,3,0x147ae144,3999999,171,0
37970,1893,3,0x147ae144,3999999,188,0
37990,1894,3,0x147ae144,3999999,190,0
38010,1895,3,0x147ae144,3999999,177,0
38030,1896,3,0x147ae144,3999999,151,0
38050,1897,3,0x147ae144,3999999,120,0
38070,1898,3,0x147ae144,3999999,90,0
38090,1899,3,0x147ae144,3999999,70,0
38110,1900,3,0x147ae144,3999999,64,0
38130,1901,3,0x147ae144,3999999,74,0
38150,1902,3,0x147ae144,3999999,97,0
38170,1903,3,0x147ae144,3999999,127,0
38190,1904,3,0x147ae144,3999999,158,0
38210,1905,3,0x147ae144,3999999,181,0
38230,1906,3,0x147ae144,3999999,191,0
38250,1907,3,0x147ae144,3999999,185,0
38270,1908,3,0x147ae144,3999999,165,0
38290,1909,3,0x147ae144,3999999,136,0
38310,1910,3,0x147ae144,3999999,104,0
38330,1911,3,0x147ae144,3999999,78,0
38350,1912,3,0x147ae144,3999999,65,0
38370,1913,3,0x147ae144,3999999,67,0
38390,1914,3,0x147ae144,3999999,84,0
38410,1915,3,0x147ae144,3999999,112,0
38430,1916,3,0x147ae144,3999999,143,0
38450,1917,3,0x147ae144,3999999,171,0
38470,1918,3,0x147ae144,3999999,188,0
38490,1919,3,0x147ae144,3999999,190,0
38510,1920,3,0x147ae144,3999999,177,0
38530,1921,3,0x147ae144,3999999,151,0
38550,1922,3,0x147ae144,3999999,120,0
38570,1923,3,0x147ae144,3999999,90,0
38590,1924,3,0x147ae144,3999999,70,0
38610,1925,3,0x147ae144,3999999,64,0
38630,1926,3,0x147ae144,3999999,74,0
38650,1927,3,0x147ae144,3999999,97,0
38670,1928,3,0x147ae144,3999999,127,0
38690,1929,3,0x147ae144,3999999,158,0
38710,1930,3,0x147ae144,3999999,181,0
38730,1931,3,0x147ae144,3999999,191,0
38750,1932,3,0x147ae144,3999999,185,0
38770,1933,3,0x147ae144,3999999,165,0
38790,1934,3,0x147ae144,3999999,136,0
38810,1935,3,0x147ae144,3999999,104,0
38830,1936,3,0x147ae144,3999999,78,0
38850,1937,3,0x147ae144,3999999,65,0
38870,1938,3,0x147ae144,3999999,67,0
38890,1939,3,0x147ae144,3999999,84,0
38910,1940,3,0x147ae144,3999999,112,0
38930,1941,3,0x147ae144,3999999,143,0
38950,1942,3,0x147ae144,3999999,171,0
38970,1943,3,0x147ae144,3999999,188,0
38990,1944,3,0x147ae144,3999999,190,0
39010,1945,3,0x147ae144,3999999,177,0
39030,1946,3,0x147ae144,3999999,151,0
39050,1947,3,0x147ae144,3999999,120,0
39070,1948,3,0x147ae144,3999999,90,0
39090,1949,3,0x147ae144,3999999,70,0
39110,1950,3,0x147ae144,3999999,64,0
39130,1951,3,0x147ae144,3999999,74,0
39150,1952,3,0x147ae144,3999999,97,0
39170,1953,3,0x147ae144,3999999,127,0
39190,1954,3,0x147ae144,3999999,158,0
39210,1955,3,0x147ae144,3999999,181,0
39230,1956,3,0x147ae144,3999999,191,0
39250,1957,3,0x147ae144,3999999,185,0
39270,1958,3,0x147ae144,3999999,165,0
39290,1959,3,0x147ae144,3999999,136,0
39310,1960,3,0x147ae144,3999999,104,0
39330,1961,3,0x147ae144,3999999,78,0
39350,1962,3,0x147ae144,3999999,65,0
39370,1963,3,0x147ae144,3999999,67,0
39390,1964,3,0x147ae144,3999999,84,0
39410,1965,3,0x147ae144,3999999,112,0
39430,1966,3,0x147ae144,3999999,143,0
39450,1967,3,0x147ae144,3999999,171,0
39470,1968,3,0x147ae144,3999999,188,0
39490,1969,3,0x147ae144,3999999,190,0
39510,1970,3,0x147ae144,3999999,177,0
39530,1971,3,0x147ae144,3999999,151,0
39550,1972,3,0x147ae144,3999999,120,0
39570,1973,3,0x147ae144,3999999,90,0
39590,1974,3,0x147ae144,3999999,70,0
39610,1975,3,0x147ae144,3999999,64,0
39630,1976,3,0x147ae144,3999999,74,0
39650,1977,3,0x147ae144,3999999,97,0
39670,1978,3,0x147ae144,3999999,127,0
39690,1979,3,0x147ae144,3999999,158,0
39710,1980,3,0x147ae144,3999999,181,0
39730,1981,3,0x147ae144,3999999,191,0
39750,1982,3,0x147ae144,3999999,185,0
39770,1983,3,0x147ae144,3999999,165,0
39790,1984,3,0x147ae144,3999999,136,0
39810,1985,3,0x147ae144,3999999,104,0
39830,1986,3,0x147ae144,3999999,78,0
39850,1987,3,0x147ae144,3999999,65,0
39870,1988,3,0x147ae144,3999999,67,0
39890,1989,3,0x147ae144,3999999,84,0
39910,1990,3,0x147ae144,3999999,112,0
39930,1991,3,0x147ae144,3999999,143,0
39950,1992,3,0x147ae144,3999999,171,0
39970,1993,3,0x147ae144,3999999,188,0
39990,1994,3,0x147ae144,3999999,190,0
40010,1995,3,0x147ae144,3999999,177,0
40030,1996,3,0x147ae144,3999999,151,0
40050,1997,3,0x147ae144,3999999,120,0
40070,1998,3,0x147ae144,3999999,90,0
40090,1999,3,0x147ae144,3999999,70,0
40110,2000,3,0x147ae147,3999999,64,1
40130,2001,4,0x147ae147,3999999,74,0
40150,2002,4,0x147ae147,3999999,97,0
40170,2003,4,0x147ae147,3999999,128,0
40190,2004,4,0x147ae147,3999999,158,0
40210,2005,4,0x147ae147,3999999,181,0
40230,2006,4,0x147ae147,3999999,191,0
40250,2007,4,0x147ae147,3999999,185,0
40270,2008,4,0x147ae147,3999999,165,0
40290,2009,4,0x147ae147,3999999,136,0
40310,2010,4,0x147ae147,3999999,104,0
40330,2011,4,0x147ae147,3999999,78,0
40350,2012,4,0x147ae147,3999999,65,0
40370,2013,4,0x147ae147,3999999,67,0
40390,2014,4,0x147ae147,3999999,84,0
40410,2015,4,0x147ae147,3999999,112,0
40430,2016,4,0x147ae147,3999999,143,0
40450,2017,4,0x147ae147,3999999,171,0
40470,2018,4,0x147ae147,3999999,188,0
40490,2019,4,0x147ae147,3999999,190,0
40510,2020,4,0x147ae147,3999999,177,0
40530,2021,4,0x147ae147,3999999,151,0
40550,2022,4,0x147ae147,3999999,120,0
40570,2023,4,0x147ae147,3999999,90,0
40590,2024,4,0x147ae147,3999999,70,0
40610,2025,4,0x147ae147,3999999,64,0
40630,2026,4,0x147ae147,3999999,74,0
40650,2027,4,0x147ae147,3999999,97,0
40670,2028,4,0x147ae147,3999999,127,0
40690,2029,4,0x147ae147,3999999,158,0
40710,2030,4,0x147ae147,3999999,181,0
40730,2031,4,0x147ae147,3999999,191,0
40750,2032,4,0x147ae147,3999999,185,0
40770,2033,4,0x147ae147,3999999,165,0
40790,2034,4,0x147ae147,3999999,136,0
40810,2035,4,0x147ae147,3999999,104,0
40830,2036,4,0x147ae147,3999999,78,0
40850,2037,4,0x147ae147,3999999,65,0
40870,2038,4,0x147ae147,3999999,67,0
40890,2039,4,0x147ae147,3999999,84,0
40910,2040,4,0x147ae147,3999999,112,0
40930,2041,4,0x147ae147,3999999,143,0
40950,2042,4,0x147ae147,3999999,171,0
40970,2043,4,0x147ae147,3999999,188,0
40990,2044,4,0x147ae147,3999999,190,0
41010,2045,4,0x147ae147,3999999,177,0
41030,2046,4,0x147ae147,3999999,151,0
41050,2047,4,0x147ae147,3999999,120,0
41070,2048,4,0x147ae147,3999999,90,0
41090,2049,4,0x147ae147,3999999,70,0
41110,2050,4,0x147ae147,3999999,64,0
41130,2051,4,0x147ae147,3999999,74,0
41150,2052,4,0x147ae147,3999999,97,0
41170,2053,4,0x147ae147,3999999,127,0
41190,2054,4,0x147ae147,3999999,158,0
41210,2055,4,0x147ae147,3999999,181,0
41230,2056,4,0x147ae147,3999999,191,0
41250,2057,4,0x147ae147,3999999,185,0
41270,2058,4,0x147ae147,3999999,165,0
41290,2059,4,0x147ae147,3999999,136,0
41310,2060,4,0x147ae147,3999999,104,0
41330,2061,4,0x147ae147,3999999,78,0
41350,2062,4,0x147ae147,3999999,65,0
41370,2063,4,0x147ae147,3999999,67,0
41390,2064,4,0x147ae147,3999999,84,0
41410,2065,4,0x147ae147,3999999,112,0
41430,2066,4,0x147ae147,3999999,143,0
41450,2067,4,0x147ae147,3999999,171,0
41470,2068,4,0x147ae147,3999999,188,0
41490,2069,4,0x147ae147,3999999,190,0
41510,2070,4,0x147ae147,3999999,177,0
41530,2071,4,0x147ae147,3999999,151,0
41550,2072,4,0x147ae147,3999999,120,0
41570,2073,4,0x147ae147,3999999,90,0
41590,2074,4,0x147ae147,3999999,70,0
41610,2075,4,0x147ae147,3999999,64,0
41630,2076,4,0x147ae147,3999999,74,0
41650,2077,4,0x147ae147,3999999,97,0
41670,2078,4,0x147ae147,3999999,127,0
41690,2079,4,0x147ae147,3999999,158,0
41710,2080,4,0x147ae147,3999999,181,0
41730,2081,4,0x147ae147,3999999,191,0
41750,2082,4,0x147ae147,3999999,185,0
41770,2083,4,0x147ae147,3999999,165,0
41790,2084,4,0x147ae147,3999999,136,0
41810,2085,4,0x147ae147,3999999,104,0
41830,2086,4,0x147ae147,3999999,78,0
41850,2087,4,0x147ae147,3999999,65,0
41870,2088,4,0x147ae147,3999999,67,0
41890,2089,4,0x147ae147,3999999,84,0
41910,2090,4,0x147ae147,3999999,112,0
41930,2091,4,0x147ae147,3999999,143,0
41950,2092,4,0x147ae147,3999999,171,0
41970,2093,4,0x147ae147,3999999,188,0
41990,2094,4,0x147ae147,3999999,190,0
42010,2095,4,0x147ae147,3999999,177,0
42030,2096,4,0x147ae147,3999999,151,0
42050,2097,4,0x147ae147,3999999,120,0
42070,2098,4,0x147ae147,3999999,90,0
42090,2099,4,0x147ae147,3999999,70,0
42110,2100,4,0x147ae147,3999999,64,0
42130,2101,4,0x147ae147,3999999,74,0
42150,2102,4,0x147ae147,3999999,97,0
42170,2103,4,0x147ae147,3999999,127,0
42190,2104,4,0x147ae147,3999999,158,0
42210,2105,4,0x147ae147,3999999,181,0
42230,2106,4,0x147ae147,3999999,191,0
42250,2107,4,0x147ae147,3999999,185,0
42270,2108,4,0x147ae147,3999999,165,0
42290,2109,4,0x147ae147,3999999,136,0
42310,2110,4,0x147ae147,3999999,104,0
42330,2111,4,0x147ae147,3999999,78,0
42350,2112,4,0x147ae147,3999999,65,0
42370,2113,4,0x147ae147,3999999,67,0
42390,2114,4,0x147ae147,3999999,84,0
42410,2115,4,0x147ae147,3999999,112,0
42430,2116,4,0x147ae147,3999999,143,0
42450,2117,4,0x147ae147,3999999,171,0
42470,2118,4,0x147ae147,3999999,188,0
42490,2119,4,0x147ae147,3999999,190,0
42510,2120,4,0x147ae147,3999999,177,0
42530,2121,4,0x147ae147,3999999,151,0
42550,2122,4,0x147ae147,3999999,120,0
42570,2123,4,0x147ae147,3999999,90,0
42590,2124,4,0x147ae147,3999999,70,0
42610,2125,4,0x147ae147,3999999,64,0
42630,2126,4,0x147ae147,3999999,74,0
42650,2127,4,0x147ae147,3999999,97,0
42670,2128,4,0x147ae147,3999999,127,0
42690,2129,4,0x147ae147,3999999,158,0
42710,2130,4,0x147ae147,3999999,181,0
42730,2131,4,0x147ae147,3999999,191,0
42750,2132,4,0x147ae147,3999999,185,0
42770,2133,4,0x147ae147,3999999,165,0
42790,2134,4,0x147ae147,3999999,136,0
42810,2135,4,0x147ae147,3999999,104,0
42830,2136,4,0x147ae147,3999999,78,0
42850,2137,4,0x147ae147,3999999,65,0
42870,2138,4,0x147ae147,3999999,67,0
42890,2139,4,0x147ae147,3999999,84,0
42910,2140,4,0x147ae147,3999999,112,0
42930,2141,4,0x147ae147,3999999,143,0
42950,2142,4,0x147ae147,3999999,171,0
42970,2143,4,0x147ae147,3999999,188,0
42990,2144,4,0x147ae147,3999999,190,0
43010,2145,4,0x147ae147,3999999,177,0
43030,2146,4,0x147ae147,3999999,151,0
43050,2147,4,0x147ae147,3999999,120,0
43070,2148,4,0x147ae147,3999999,90,0
43090,2149,4,0x147ae147,3999999,70,0
43110,2150,4,0x147ae147,3999999,64,0
43130,2151,4,0x147ae147,3999999,74,0
43150,2152,4,0x147ae147,3999999,97,0
43170,2153,4,0x147ae147,3999999,127,0
43190,2154,4,0x147ae147,3999999,158,0
43210,2155,4,0x147ae147,3999999,181,0
43230,2156,4,0x147ae147,3999999,191,0
43250,2157,4,0x147ae147,3999999,185,0
43270,2158,4,0x147ae147,3999999,165,0
43290,2159,4,0x147ae147,3999999,136,0
43310,2160,4,0x147ae147,3999999,104,0
43330,2161,4,0x147ae147,3999999,78,0
43350,2162,4,0x147ae147,3999999,65,0
43370,2163,4,0x147ae147,3999999,67,0
43390,2164,4,0x147ae147,3999999,84,0
43410,2165,4,0x147ae147,3999999,112,0
43430,2166,4,0x147ae147,3999999,143,0
43450,2167,4,0x147ae147,3999999,171,0
43470,2168,4,0x147ae147,3999999,188,0
43490,2169,4,0x147ae147,3999999,190,0
43510,2170,4,0x147ae147,3999999,177,0
43530,2171,4,0x147ae147,3999999,151,0
43550,2172,4,0x147ae147,3999999,120,0
43570,2173,4,0x147ae147,3999999,90,0
43590,2174,4,0x147ae147,3999999,70,0
43610,2175,4,0x147ae147,3999999,64,0
43630,2176,4,0x147ae147,3999999,74,0
43650,2177,4,0x147ae147,3999999,97,0
43670,2178,4,0x147ae147,3999999,127,0
43690,2179,4,0x147ae147,3999999,158,0
43710,2180,4,0x147ae147,3999999,181,0
43730,2181,4,0x147ae147,3999999,191,0
43750,2182,4,0x147ae147,3999999,185,0
43770,2183,4,0x147ae147,3999999,165,0
43790,2184,4,0x147ae147,3999999,136,0
43810,2185,4,0x147ae147,3999999,104,0
43830,2186,4,0x147ae147,3999999,78,0
43850,2187,4,0x147ae147,3999999,65,0
43870,2188,4,0x147ae147,3999999,67,0
43890,2189,4,0x147ae147,3999999,84,0
43910,2190,4,0x147ae147,3999999,112,0
43930,2191,4,0x147ae147,3999999,143,0
43950,2192,4,0x147ae147,3999999,171,0
43970,2193,4,0x147ae147,3999999,188,0
43990,2194,4,0x147ae147,3999999,190,0
44010,2195,4,0x147ae147,3999999,177,0
44030,2196,4,0x147ae147,3999999,151,0
44050,2197,4,0x147ae147,3999999,120,0
44070,2198,4,0x147ae147,3999999,90,0
44090,2199,4,0x147ae147,3999999,70,0
44110,2200,4,0x147ae147,3999999,64,0
44130,2201,4,0x147ae147,3999999,74,0
44150,2202,4,0x147ae147,3999999,97,0
44170,2203,4,0x147ae147,3999999,127,0
44190,2204,4,0x147ae147,3999999,158,0
44210,2205,4,0x147ae147,3999999,181,0
44230,2206,4,0x147ae147,3999999,191,0
44250,2207,4,0x147ae147,3999999,185,0
44270,2208,4,0x147ae147,3999999,165,0
44290,2209,4,0x147ae147,3999999,136,0
44310,2210,4,0x147ae147,3999999,104,0
44330,2211,4,0x147ae147,3999999,78,0
44350,2212,4,0x147ae147,3999999,65,0
44370,2213,4,0x147ae147,3999999,67,0
44390,2214,4,0x147ae147,3999999,84,0
44410,2215,4,0x147ae147,3999999,112,0
44430,2216,4,0x147ae147,3999999,143,0
44450,2217,4,0x147ae147,3999999,171,0
44470,2218,4,0x147ae147,3999999,188,0
44490,2219,4,0x147ae147,3999999,190,0
44510,2220,4,0x147ae147,3999999,177,0
44530,2221,4,0x147ae147,3999999,151,0
44550,2222,4,0x147ae147,3999999,120,0
44570,2223,4,0x147ae147,3999999,90,0
44590,2224,4,0x147ae147,3999999,70,0
44610,2225,4,0x147ae147,3999999,64,0
44630,2226,4,0x147ae147,3999999,74,0
44650,2227,4,0x147ae147,3999999,97,0
44670,2228,4,0x147ae147,3999999,127,0
44690,2229,4,0x147ae147,3999999,158,0
44710,2230,4,0x147ae147,3999999,181,0
44730,2231,4,0x147ae147,3999999,191,0
44750,2232,4,0x147ae147,3999999,185,0
44770,2233,4,0x147ae147,3999999,165,0
44790,2234,4,0x147ae147,3999999,136,0
44810,2235,4,0x147ae147,3999999,104,0
44830,2236,4,0x147ae147,3999999,78,0
44850,2237,4,0x147ae147,3999999,65,0
44870,2238,4,0x147ae147,3999999,67,0
44890,2239,4,0x147ae147,3999999,84,0
44910,2240,4,0x147ae147,3999999,112,0
44930,2241,4,0x147ae147,3999999,143,0
44950,2242,4,0x147ae147,3999999,171,0
44970,2243,4,0x147ae147,3999999,188,0
44990,2244,4,0x147ae147,3999999,190,0
45010,2245,4,0x147ae147,3999999,177,0
45030,2246,4,0x147ae147,3999999,151,0
45050,2247,4,0x147ae147,3999999,120,0
45070,2248,4,0x147ae147,3999999,90,0
45090,2249,4,0x147ae147,3999999,70,0
45110,2250,4,0x147ae147,3999999,64,0
45130,2251,4,0x147ae147,3999999,74,0
45150,2252,4,0x147ae147,3999999,97,0
45170,2253,4,0x147ae147,3999999,127,0
45190,2254,4,0x147ae147,3999999,158,0
45210,2255,4,0x147ae147,3999999,181,0
45230,2256,4,0x147ae147,3999999,191,0
45250,2257,4,0x147ae147,3999999,185,0
45270,2258,4,0x147ae147,3999999,165,0
45290,2259,4,0x147ae147,3999999,136,0
45310,2260,4,0x147ae147,3999999,104,0
45330,2261,4,0x147ae147,3999999,78,0
45350,2262,4,0x147ae147,3999999,65,0
45370,2263,4,0x147ae147,3999999,67,0
45390,2264,4,0x147ae147,3999999,84,0
45410,2265,4,0x147ae147,3999999,112,0
45430,2266,4,0x147ae147,3999999,143,0
45450,2267,4,0x147ae147,3999999,171,0
45470,2268,4,0x147ae147,3999999,188,0
45490,2269,4,0x147ae147,3999999,190,0
45510,2270,4,0x147ae147,3999999,177,0
45530,2271,4,0x147ae147,3999999,151,0
45550,2272,4,0x147ae147,3999999,120,0
45570,2273,4,0x147ae147,3999999,90,0
45590,2274,4,0x147ae147,3999999,70,0
45610,2275,4,0x147ae147,3999999,64,0
45630,2276,4,0x147ae147,3999999,74,0
45650,2277,4,0x147ae147,3999999,97,0
45670,2278,4,0x147ae147,3999999,127,0
45690,2279,4,0x147ae147,3999999,158,0
45710,2280,4,0x147ae147,3999999,181,0
45730,2281,4,0x147ae147,3999999,191,0
45750,2282,4,0x147ae147,3999999,185,0
45770,2283,4,0x147ae147,3999999,165,0
45790,2284,4,0x147ae147,3999999,136,0
45810,2285,4,0x147ae147,3999999,104,0
45830,2286,4,0x147ae147,3999999,78,0
45850,2287,4,0x147ae147,3999999,65,0
45870,2288,4,0x147ae147,3999999,67,0
45890,2289,4,0x147ae147,3999999,84,0
45910,2290,4,0x147ae147,3999999,112,0
45930,2291,4,0x147ae147,3999999,143,0
45950,2292,4,0x147ae147,3999999,171,0
45970,2293,4,0x147ae147,3999999,188,0
45990,2294,4,0x147ae147,3999999,190,0
46010,2295,4,0x147ae147,3999999,177,0
46030,2296,4,0x147ae147,3999999,151,0
46050,2297,4,0x147ae147,3999999,120,0
46070,2298,4,0x147ae147,3999999,90,0
46090,2299,4,0x147ae147,3999999,70,0
46110,2300,4,0x147ae147,3999999,64,0
46130,2301,4,0x147ae147,3999999,74,0
46150,2302,4,0x147ae147,3999999,97,0
46170,2303,4,0x147ae147,3999999,127,0
46190,2304,4,0x147ae147,3999999,158,0
46210,2305,4,0x147ae147,3999999,181,0
46230,2306,4,0x147ae147,3999999,191,0
46250,2307,4,0x147ae147,3999999,185,0
46270,2308,4,0x147ae147,3999999,165,0
46290,2309,4,0x147ae147,3999999,136,0
46310,2310,4,0x147ae147,3999999,104,0
46330,2311,4,0x147ae147,3999999,78,0
46350,2312,4,0x147ae147,3999999,65,0
46370,2313,4,0x147ae147,3999999,67,0
46390,2314,4,0x147ae147,3999999,84,0
46410,2315,4,0x147ae147,3999999,112,0
46430,2316,4,0x147ae147,3999999,143,0
46450,2317,4,0x147ae147,3999999,171,0
46470,2318,4,0x147ae147,3999999,188,0
46490,2319,4,0x147ae147,3999999,190,0
46510,2320,4,0x147ae147,3999999,177,0
46530,2321,4,0x147ae147,3999999,151,0
46550,2322,4,0x147ae147,3999999,120,0
46570,2323,4,0x147ae147,3999999,90,0
46590,2324,4,0x147ae147,3999999,70,0
46610,2325,4,0x147ae147,3999999,64,0
46630,2326,4,0x147ae147,3999999,74,0
46650,2327,4,0x147ae147,3999999,97,0
46670,2328,4,0x147ae147,3999999,127,0
46690,2329,4,0x147ae147,3999999,158,0
46710,2330,4,0x147ae147,3999999,181,0
46730,2331,4,0x147ae147,3999999,191,0
46750,2332,4,0x147ae147,3999999,185,0
46770,2333,4,0x147ae147,3999999,165,0
46790,2334,4,0x147ae147,3999999,136,0
46810,2335,4,0x147ae147,3999999,104,0
46830,2336,4,0x147ae147,3999999,78,0
46850,2337,4,0x147ae147,3999999,65,0
46870,2338,4,0x147ae147,3999999,67,0
46890,2339,4,0x147ae147,3999999,84,0
46910,2340,4,0x147ae147,3999999,112,0
46930,2341,4,0x147ae147,3999999,143,0
46950,2342,4,0x147ae147,3999999,171,0
46970,2343,4,0x147ae147,3999999,188,0
46990,2344,4,0x147ae147,3999999,190,0
47010,2345,4,0x147ae147,3999999,177,0
47030,2346,4,0x147ae147,3999999,151,0
47050,2347,4,0x147ae147,3999999,120,0
47070,2348,4,0x147ae147,3999999,90,0
47090,2349,4,0x147ae147,3999999,70,0
47110,2350,4,0x147ae147,3999999,64,0
47130,2351,4,0x147ae147,3999999,74,0
47150,2352,4,0x147ae147,3999999,97,0
47170,2353,4,0x147ae147,3999999,127,0
47190,2354,4,0x147ae147,3999999,158,0
47210,2355,4,0x147ae147,3999999,181,0
47230,2356,4,0x147ae147,3999999,191,0
47250,2357,4,0x147ae147,3999999,185,0
47270,2358,4,0x147ae147,3999999,165,0
47290,2359,4,0x147ae147,3999999,136,0
47310,2360,4,0x147ae147,3999999,104,0
47330,2361,4,0x147ae147,3999999,78,0
47350,2362,4,0x147ae147,3999999,65,0
47370,2363,4,0x147ae147,3999999,67,0
47390,2364,4,0x147ae147,3999999,84,0
47410,2365,4,0x147ae147,3999999,112,0
47430,2366,4,0x147ae147,3999999,143,0
47450,2367,4,0x147ae147,3999999,171,0
47470,2368,4,0x147ae147,3999999,188,0
47490,2369,4,0x147ae147,3999999,190,0
47510,2370,4,0x147ae147,3999999,177,0
47530,2371,4,0x147ae147,3999999,151,0
47550,2372,4,0x147ae147,3999999,120,0
47570,2373,4,0x147ae147,3999999,90,0
47590,2374,4,0x147ae147,3999999,70,0
47610,2375,4,0x147ae147,3999999,64,0
47630,2376,4,0x147ae147,3999999,74,0
47650,2377,4,0x147ae147,3999999,97,0
47670,2378,4,0x147ae147,3999999,127,0
47690,2379,4,0x147ae147,3999999,158,0
47710,2380,4,0x147ae147,3999999,181,0
47730,2381,4,0x147ae147,3999999,191,0
47750,2382,4,0x147ae147,3999999,185,0
47770,2383,4,0x147ae147,3999999,165,0
47790,2384,4,0x147ae147,3999999,136,0
47810,2385,4,0x147ae147,3999999,104,0
47830,2386,4,0x147ae147,3999999,78,0
47850,2387,4,0x147ae147,3999999,65,0
47870,2388,4,0x147ae147,3999999,67,0
47890,2389,4,0x147ae147,3999999,84,0
47910,2390,4,0x147ae147,3999999,112,0
47930,2391,4,0x147ae147,3999999,143,0
47950,2392,4,0x147ae147,3999999,171,0
47970,2393,4,0x147ae147,3999999,188,0
47990,2394,4,0x147ae147,3999999,190,0
48010,2395,4,0x147ae147,3999999,177,0
48030,2396,4,0x147ae147,3999999,151,0
48050,2397,4,0x147ae147,3999999,120,0
48070,2398,4,0x147ae147,3999999,90,0
48090,2399,4,0x147ae147,3999999,70,0
48110,2400,4,0x147ae147,3999999,64,0
48130,2401,4,0x147ae147,3999999,74,0
48150,2402,4,0x147ae147,3999999,97,0
48170,2403,4,0x147ae147,3999999,127,0
48190,2404,4,0x147ae147,3999999,158,0
48210,2405,4,0x147ae147,3999999,181,0
48230,2406,4,0x147ae147,3999999,191,0
48250,2407,4,0x147ae147,3999999,185,0
48270,2408,4,0x147ae147,3999999,165,0
48290,2409,4,0x147ae147,3999999,136,0
48310,2410,4,0x147ae147,3999999,104,0
48330,2411,4,0x147ae147,3999999,78,0
48350,2412,4,0x147ae147,3999999,65,0
48370,2413,4,0x147ae147,3999999,67,0
48390,2414,4,0x147ae147,3999999,84,0
48410,2415,4,0x147ae147,3999999,112,0
48430,2416,4,0x147ae147,3999999,143,0
48450,2417,4,0x147ae147,3999999,171,0
48470,2418,4,0x147ae147,3999999,188,0
48490,2419,4,0x147ae147,3999999,190,0
48510,2420,4,0x147ae147,3999999,177,0
48530,2421,4,0x147ae147,3999999,151,0
48550,2422,4,0x147ae147,3999999,120,0
48570,2423,4,0x147ae147,3999999,90,0
48590,2424,4,0x147ae147,3999999,70,0
48610,2425,4,0x147ae147,3999999,64,0
48630,2426,4,0x147ae147,3999999,74,0
48650,2427,4,0x147ae147,3999999,97,0
48670,2428,4,0x147ae147,3999999,127,0
48690,2429,4,0x147ae147,3999999,158,0
48710,2430,4,0x147ae147,3999999,181,0
48730,2431,4,0x147ae147,3999999,191,0
48750,2432,4,0x147ae147,3999999,185,0
48770,2433,4,0x147ae147,3999999,165,0
48790,2434,4,0x147ae147,3999999,136,0
48810,2435,4,0x147ae147,3999999,104,0
48830,2436,4,0x147ae147,3999999,78,0
48850,2437,4,0x147ae147,3999999,65,0
48870,2438,4,0x147ae147,3999999,67,0
48890,2439,4,0x147ae147,3999999,84,0
48910,2440,4,0x147ae147,3999999,112,0
48930,2441,4,0x147ae147,3999999,143,0
48950,2442,4,0x147ae147,3999999,171,0
48970,2443,4,0x147ae147,3999999,188,0
48990,2444,4,0x147ae147,3999999,190,0
49010,2445,4,0x147ae147,3999999,177,0
49030,2446,4,0x147ae147,3999999,151,0
49050,2447,4,0x147ae147,3999999,120,0
49070,2448,4,0x147ae147,3999999,90,0
49090,2449,4,0x147ae147,3999999,70,0
49110,2450,4,0x147ae147,3999999,64,0
49130,2451,4,0x147ae147,3999999,74,0
49150,2452,4,0x147ae147,3999999,97,0
49170,2453,4,0x147ae147,3999999,127,0
49190,2454,4,0x147ae147,3999999,158,0
49210,2455,4,0x147ae147,3999999,181,0
49230,2456,4,0x147ae147,3999999,191,0
49250,2457,4,0x147ae147,3999999,185,0
49270,2458,4,0x147ae147,3999999,165,0
49290,2459,4,0x147ae147,3999999,136,0
49310,2460,4,0x147ae147,3999999,104,0
49330,2461,4,0x147ae147,3999999,78,0
49350,2462,4,0x147ae147,3999999,65,0
49370,2463,4,0x147ae147,3999999,67,0
49390,2464,4,0x147ae147,3999999,84,0
49410,2465,4,0x147ae147,3999999,112,0
49430,2466,4,0x147ae147,3999999,143,0
49450,2467,4,0x147ae147,3999999,171,0
49470,2468,4,0x147ae147,3999999,188,0
49490,2469,4,0x147ae147,3999999,190,0
49510,2470,4,0x147ae147,3999999,177,0
49530,2471,4,0x147ae147,3999999,151,0
49550,2472,4,0x147ae147,3999999,120,0
49570,2473,4,0x147ae147,3999999,90,0
49590,2474,4,0x147ae147,3999999,70,0
49610,2475,4,0x147ae147,3999999,64,0
49630,2476,4,0x147ae147,3999999,74,0
49650,2477,4,0x147ae147,3999999,97,0
49670,2478,4,0x147ae147,3999999,127,0
49690,2479,4,0x147ae147,3999999,158,0
49710,2480,4,0x147ae147,3999999,181,0
49730,2481,4,0x147ae147,3999999,191,0
49750,2482,4,0x147ae147,3999999,185,0
49770,2483,4,0x147ae147,3999999,165,0
49790,2484,4,0x147ae147,3999999,136,0
49810,2485,4,0x147ae147,3999999,104,0
49830,2486,4,0x147ae147,3999999,78,0
49850,2487,4,0x147ae147,3999999,65,0
49870,2488,4,0x147ae147,3999999,67,0
49890,2489,4,0x147ae147,3999999,84,0
49910,2490,4,0x147ae147,3999999,112,0
49930,2491,4,0x147ae147,3999999,143,0
49950,2492,4,0x147ae147,3999999,171,0
49970,2493,4,0x147ae147,3999999,188,0
49990,2494,4,0x147ae147,3999999,190,0
50010,2495,4,0x147ae147,3999999,177,0
50030,2496,4,0x147ae147,3999999,151,0
50050,2497,4,0x147ae147,3999999,120,0
50070,2498,4,0x147ae147,3999999,90,0
50090,2499,4,0x147ae147,3999999,70,0
50110,2500,4,0x147ae147,3999999,64,1
50130,2501,5,0x147ae147,3999999,74,0
50150,2502,5,0x147ae147,3999999,97,0
50170,2503,5,0x147ae147,3999999,128,0
50190,2504,5,0x147ae147,3999999,158,0
50210,2505,5,0x147ae147,3999999,181,0
50230,2506,5,0x147ae147,3999999,191,0
50250,2507,5,0x147ae147,3999999,185,0
50270,2508,5,0x147ae147,3999999,165,0
50290,2509,5,0x147ae147,3999999,136,0
50310,2510,5,0x147ae147,3999999,104,0
50330,2511,5,0x147ae147,3999999,78,0
50350,2512,5,0x147ae147,3999999,65,0
50370,2513,5,0x147ae147,3999999,67,0
50390,2514,5,0x147ae147,3999999,84,0
50410,2515,5,0x147ae147,3999999,112,0
50430,2516,5,0x147ae147,3999999,143,0
50450,2517,5,0x147ae147,3999999,171,0
50470,2518,5,0x147ae147,3999999,188,0
50490,2519,5,0x147ae147,3999999,190,0
50510,2520,5,0x147ae147,3999999,177,0
50530,2521,5,0x147ae147,3999999,151,0
50550,2522,5,0x147ae147,3999999,120,0
50570,2523,5,0x147ae147,3999999,90,0
50590,2524,5,0x147ae147,3999999,70,0
50610,2525,5,0x147ae147,3999999,64,0
50630,2526,5,0x147ae147,3999999,74,0
50650,2527,5,0x147ae147,3999999,97,0
50670,2528,5,0x147ae147,3999999,127,0
50690,2529,5,0x147ae147,3999999,158,0
50710,2530,5,0x147ae147,3999999,181,0
50730,2531,5,0x147ae147,3999999,191,0
50750,2532,5,0x147ae147,3999999,185,0
50770,2533,5,0x147ae147,3999999,165,0
50790,2534,5,0x147ae147,3999999,136,0
50810,2535,5,0x147ae147,3999999,104,0
50830,2536,5,0x147ae147,3999999,78,0
50850,2537,5,0x147ae147,3999999,65,0
50870,2538,5,0x147ae147,3999999,67,0
50890,2539,5,0x147ae147,3999999,84,0
50910,2540,5,0x147ae147,3999999,112,0
50930,2541,5,0x147ae147,3999999,143,0
50950,2542,5,0x147ae147,3999999,171,0
50970,2543,5,0x147ae147,3999999,188,0
50990,2544,5,0x147ae147,3999999,190,0
51010,2545,5,0x147ae147,3999999,177,0
51030,2546,5,0x147ae147,3999999,151,0
51050,2547,5,0x147ae147,3999999,120,0
51070,2548,5,0x147ae147,3999999,90,0
51090,2549,5,0x147ae147,3999999,70,0
51110,2550,5,0x147ae147,3999999,64,0
51130,2551,5,0x147ae147,3999999,74,0
51150,2552,5,0x147ae147,3999999,97,0
51170,2553,5,0x147ae147,3999999,127,0
51190,2554,5,0x147ae147,3999999,158,0
51210,2555,5,0x147ae147,3999999,181,0
51230,2556,5,0x147ae147,3999999,191,0
51250,2557,5,0x147ae147,3999999,185,0
51270,2558,5,0x147ae147,3999999,165,0
51290,2559,5,0x147ae147,3999999,136,0
51310,2560,5,0x147ae147,3999999,104,0
51330,2561,5,0x147ae147,3999999,78,0
51350,2562,5,0x147ae147,3999999,65,0
51370,2563,5,0x147ae147,3999999,67,0
51390,2564,5,0x147ae147,3999999,84,0
51410,2565,5,0x147ae147,3999999,112,0
51430,2566,5,0x147ae147,3999999,143,0
51450,2567,5,0x147ae147,3999999,171,0
51470,2568,5,0x147ae147,3999999,188,0
51490,2569,5,0x147ae147,3999999,190,0
51510,2570,5,0x147ae147,3999999,177,0
51530,2571,5,0x147ae147,3999999,151,0
51550,2572,5,0x147ae147,3999999,120,0
51570,2573,5,0x147ae147,3999999,90,0
51590,2574,5,0x147ae147,3999999,70,0
51610,2575,5,0x147ae147,3999999,64,0
51630,2576,5,0x147ae147,3999999,74,0
51650,2577,5,0x147ae147,3999999,97,0
51670,2578,5,0x147ae147,3999999,127,0
51690,2579,5,0x147ae147,3999999,158,0
51710,2580,5,0x147ae147,3999999,181,0
51730,2581,5,0x147ae147,3999999,191,0
51750,2582,5,0x147ae147,3999999,185,0
51770,2583,5,0x147ae147,3999999,165,0
51790,2584,5,0x147ae147,3999999,136,0
51810,2585,5,0x147ae147,3999999,104,0
51830,2586,5,0x147ae147,3999999,78,0
51850,2587,5,0x147ae147,3999999,65,0
51870,2588,5,0x147ae147,3999999,67,0
51890,2589,5,0x147ae147,3999999,84,0
51910,2590,5,0x147ae147,3999999,112,0
51930,2591,5,0x147ae147,3999999,143,0
51950,2592,5,0x147ae147,3999999,171,0
51970,2593,5,0x147ae147,3999999,188,0
51990,2594,5,0x147ae147,3999999,190,0
52010,2595,5,0x147ae147,3999999,177,0
52030,2596,5,0x147ae147,3999999,151,0
52050,2597,5,0x147ae147,3999999,120,0
52070,2598,5,0x147ae147,3999999,90,0
52090,2599,5,0x147ae147,3999999,70,0
