time_ns,cycle,test_case,filter_type,classifier_done
110,0,0,0,0
130,1,0,0,0
150,2,0,0,0
170,3,0,0,0
190,4,0,0,0
210,5,0,0,0
230,6,0,0,0
250,7,0,0,0
270,8,0,0,0
290,9,0,0,0
310,10,0,0,0
330,11,0,0,0
350,12,0,0,0
370,13,0,0,0
390,14,0,0,0
410,15,0,0,0
430,16,0,0,0
450,17,0,0,0
470,18,0,0,0
490,19,0,0,0
510,20,0,0,0
530,21,0,0,0
550,22,0,0,0
570,23,0,0,0
590,24,0,0,0
610,25,0,0,0
630,26,0,0,0
650,27,0,0,0
670,28,0,0,0
690,29,0,0,0
710,30,0,0,0
730,31,0,0,0
750,32,0,0,0
770,33,0,0,0
790,34,0,0,0
810,35,0,0,0
830,36,0,0,0
850,37,0,0,0
870,38,0,0,0
890,39,0,0,0
910,40,0,0,0
930,41,0,0,0
950,42,0,0,0
970,43,0,0,0
990,44,0,0,0
1010,45,0,0,0
1030,46,0,0,0
1050,47,0,0,0
1070,48,0,0,0
1090,49,0,0,0
1110,50,0,0,0
1130,51,0,0,0
1150,52,0,0,0
1170,53,0,0,0
1190,54,0,0,0
1210,55,0,0,0
1230,56,0,0,0
1250,57,0,0,0
1270,58,0,0,0
1290,59,0,0,0
1310,60,0,0,0
1330,61,0,0,0
1350,62,0,0,0
1370,63,0,0,0
1390,64,0,0,0
1410,65,0,0,0
1430,66,0,0,0
1450,67,0,0,0
1470,68,0,0,0
1490,69,0,0,0
1510,70,0,0,0
1530,71,0,0,0
1550,72,0,0,0
1570,73,0,0,0
1590,74,0,0,0
1610,75,0,0,0
1630,76,0,0,0
1650,77,0,0,0
1670,78,0,0,0
1690,79,0,0,0
1710,80,0,0,0
1730,81,0,0,0
1750,82,0,0,0
1770,83,0,0,0
1790,84,0,0,0
1810,85,0,0,0
1830,86,0,0,0
1850,87,0,0,0
1870,88,0,0,0
1890,89,0,0,0
1910,90,0,0,0
1930,91,0,0,0
1950,92,0,0,0
1970,93,0,0,0
1990,94,0,0,0
2010,95,0,0,0
2030,96,0,0,0
2050,97,0,0,0
2070,98,0,0,0
2090,99,0,0,0
2110,100,0,0,0
2130,101,0,0,0
2150,102,0,0,0
2170,103,0,0,0
2190,104,0,0,0
2210,105,0,0,0
2230,106,0,0,0
2250,107,0,0,0
2270,108,0,0,0
2290,109,0,0,0
2310,110,0,0,0
2330,111,0,0,0
2350,112,0,0,0
2370,113,0,0,0
2390,114,0,0,0
2410,115,0,0,0
2430,116,0,0,0
2450,117,0,0,0
2470,118,0,0,0
2490,119,0,0,0
2510,120,0,0,0
2530,121,0,0,0
2550,122,0,0,0
2570,123,0,0,0
2590,124,0,0,0
2610,125,0,0,0
2630,126,0,0,0
2650,127,0,0,0
2670,128,0,0,0
2690,129,0,0,0
2710,130,0,0,0
2730,131,0,0,0
2750,132,0,0,0
2770,133,0,0,0
2790,134,0,0,0
2810,135,0,0,0
2830,136,0,0,0
2850,137,0,0,0
2870,138,0,0,0
2890,139,0,0,0
2910,140,0,0,0
2930,141,0,0,0
2950,142,0,0,0
2970,143,0,0,0
2990,144,0,0,0
3010,145,0,0,0
3030,146,0,0,0
3050,147,0,0,0
3070,148,0,0,0
3090,149,0,0,0
3110,150,0,0,0
3130,151,0,0,0
3150,152,0,0,0
3170,153,0,0,0
3190,154,0,0,0
3210,155,0,0,0
3230,156,0,0,0
3250,157,0,0,0
3270,158,0,0,0
3290,159,0,0,0
3310,160,0,0,0
3330,161,0,0,0
3350,162,0,0,0
3370,163,0,0,0
3390,164,0,0,0
3410,165,0,0,0
3430,166,0,0,0
3450,167,0,0,0
3470,168,0,0,0
3490,169,0,0,0
3510,170,0,0,0
3530,171,0,0,0
3550,172,0,0,0
3570,173,0,0,0
3590,174,0,0,0
3610,175,0,0,0
3630,176,0,0,0
3650,177,0,0,0
3670,178,0,0,0
3690,179,0,0,0
3710,180,0,0,0
3730,181,0,0,0
3750,182,0,0,0
3770,183,0,0,0
3790,184,0,0,0
3810,185,0,0,0
3830,186,0,0,0
3850,187,0,0,0
3870,188,0,0,0
3890,189,0,0,0
3910,190,0,0,0
3930,191,0,0,0
3950,192,0,0,0
3970,193,0,0,0
3990,194,0,0,0
4010,195,0,0,0
4030,196,0,0,0
4050,197,0,0,0
4070,198,0,0,0
4090,199,0,0,0
4110,200,0,0,0
4130,201,0,0,0
4150,202,0,0,0
4170,203,0,0,0
4190,204,0,0,0
4210,205,0,0,0
4230,206,0,0,0
4250,207,0,0,0
4270,208,0,0,0
4290,209,0,0,0
4310,210,0,0,0
4330,211,0,0,0
4350,212,0,0,0
4370,213,0,0,0
4390,214,0,0,0
4410,215,0,0,0
4430,216,0,0,0
4450,217,0,0,0
4470,218,0,0,0
4490,219,0,0,0
4510,220,0,0,0
4530,221,0,0,0
4550,222,0,0,0
4570,223,0,0,0
4590,224,0,0,0
4610,225,0,0,0
4630,226,0,0,0
4650,227,0,0,0
4670,228,0,0,0
4690,229,0,0,0
4710,230,0,0,0
4730,231,0,0,0
4750,232,0,0,0
4770,233,0,0,0
4790,234,0,0,0
4810,235,0,0,0
4830,236,0,0,0
4850,237,0,0,0
4870,238,0,0,0
4890,239,0,0,0
4910,240,0,0,0
4930,241,0,0,0
4950,242,0,0,0
4970,243,0,0,0
4990,244,0,0,0
5010,245,0,0,0
5030,246,0,0,0
5050,247,0,0,0
5070,248,0,0,0
5090,249,0,0,0
5110,250,0,0,0
5130,251,0,0,0
5150,252,0,0,0
5170,253,0,0,0
5190,254,0,0,0
5210,255,0,0,0
5230,256,0,0,0
5250,257,0,0,0
5270,258,0,0,0
5290,259,0,0,0
5310,260,0,0,0
5330,261,0,0,0
5350,262,0,0,0
5370,263,0,0,0
5390,264,0,0,0
5410,265,0,0,0
5430,266,0,0,0
5450,267,0,0,0
5470,268,0,0,0
5490,269,0,0,0
5510,270,0,0,0
5530,271,0,0,0
5550,272,0,0,0
5570,273,0,0,0
5590,274,0,0,0
5610,275,0,0,0
5630,276,0,0,0
5650,277,0,0,0
5670,278,0,0,0
5690,279,0,0,0
5710,280,0,0,0
5730,281,0,0,0
5750,282,0,0,0
5770,283,0,0,0
5790,284,0,0,0
5810,285,0,0,0
5830,286,0,0,0
5850,287,0,0,0
5870,288,0,0,0
5890,289,0,0,0
5910,290,0,0,0
5930,291,0,0,0
5950,292,0,0,0
5970,293,0,0,0
5990,294,0,0,0
6010,295,0,0,0
6030,296,0,0,0
6050,297,0,0,0
6070,298,0,0,0
6090,299,0,0,0
6110,300,0,0,0
6130,301,0,0,0
6150,302,0,0,0
6170,303,0,0,0
6190,304,0,0,0
6210,305,0,0,0
6230,306,0,0,0
6250,307,0,0,0
6270,308,0,0,0
6290,309,0,5,1
6310,310,0,5,0
6330,311,0,5,0
6350,312,0,5,0
6370,313,0,5,0
6390,314,0,5,0
6410,315,0,5,0
6430,316,0,5,0
6450,317,0,5,0
6470,318,0,5,0
6490,319,1,5,0
6510,320,1,5,0
6530,321,1,5,0
6550,322,1,5,0
6570,323,1,5,0
6590,324,1,5,0
6610,325,1,5,0
6630,326,1,5,0
6650,327,1,5,0
6670,328,1,5,0
6690,329,1,5,0
6710,330,1,5,0
6730,331,1,5,0
6750,332,1,5,0
6770,333,1,5,0
6790,334,1,5,0
6810,335,1,5,0
6830,336,1,5,0
6850,337,1,5,0
6870,338,1,5,0
6890,339,1,5,0
6910,340,1,5,0
6930,341,1,5,0
6950,342,1,5,0
6970,343,1,5,0
6990,344,1,5,0
7010,345,1,5,0
7030,346,1,5,0
7050,347,1,5,0
7070,348,1,5,0
7090,349,1,5,0
7110,350,1,5,0
7130,351,1,5,0
7150,352,1,5,0
7170,353,1,5,0
7190,354,1,5,0
7210,355,1,5,0
7230,356,1,5,0
7250,357,1,5,0
7270,358,1,5,0
7290,359,1,5,0
7310,360,1,5,0
7330,361,1,5,0
7350,362,1,5,0
7370,363,1,5,0
7390,364,1,5,0
7410,365,1,5,0
7430,366,1,5,0
7450,367,1,5,0
7470,368,1,5,0
7490,369,1,5,0
7510,370,1,5,0
7530,371,1,5,0
7550,372,1,5,0
7570,373,1,5,0
7590,374,1,5,0
7610,375,1,5,0
7630,376,1,5,0
7650,377,1,5,0
7670,378,1,5,0
7690,379,1,5,0
7710,380,1,5,0
7730,381,1,5,0
7750,382,1,5,0
7770,383,1,5,0
7790,384,1,5,0
7810,385,1,5,0
7830,386,1,5,0
7850,387,1,5,0
7870,388,1,5,0
7890,389,1,5,0
7910,390,1,5,0
7930,391,1,5,0
7950,392,1,5,0
7970,393,1,5,0
7990,394,1,5,0
8010,395,1,5,0
8030,396,1,5,0
8050,397,1,5,0
8070,398,1,5,0
8090,399,1,5,0
8110,400,1,5,0
8130,401,1,5,0
8150,402,1,5,0
8170,403,1,5,0
8190,404,1,5,0
8210,405,1,5,0
8230,406,1,5,0
8250,407,1,5,0
8270,408,1,5,0
8290,409,1,5,0
8310,410,1,5,0
8330,411,1,5,0
8350,412,1,5,0
8370,413,1,5,0
8390,414,1,5,0
8410,415,1,5,0
8430,416,1,5,0
8450,417,1,5,0
8470,418,1,5,0
8490,419,1,5,0
8510,420,1,5,0
8530,421,1,5,0
8550,422,1,5,0
8570,423,1,5,0
8590,424,1,5,0
8610,425,1,5,0
8630,426,1,5,0
8650,427,1,5,0
8670,428,1,5,0
8690,429,1,5,0
8710,430,1,5,0
8730,431,1,5,0
8750,432,1,5,0
8770,433,1,5,0
8790,434,1,5,0
8810,435,1,5,0
8830,436,1,5,0
8850,437,1,5,0
8870,438,1,5,0
8890,439,1,5,0
8910,440,1,5,0
8930,441,1,5,0
8950,442,1,5,0
8970,443,1,5,0
8990,444,1,5,0
9010,445,1,5,0
9030,446,1,5,0
9050,447,1,5,0
9070,448,1,5,0
9090,449,1,5,0
9110,450,1,5,0
9130,451,1,5,0
9150,452,1,5,0
9170,453,1,5,0
9190,454,1,5,0
9210,455,1,5,0
9230,456,1,5,0
9250,457,1,5,0
9270,458,1,5,0
9290,459,1,5,0
9310,460,1,5,0
9330,461,1,5,0
9350,462,1,5,0
9370,463,1,5,0
9390,464,1,5,0
9410,465,1,5,0
9430,466,1,5,0
9450,467,1,5,0
9470,468,1,5,0
9490,469,1,5,0
9510,470,1,5,0
9530,471,1,5,0
9550,472,1,5,0
9570,473,1,5,0
9590,474,1,5,0
9610,475,1,5,0
9630,476,1,5,0
9650,477,1,5,0
9670,478,1,5,0
9690,479,1,5,0
9710,480,1,5,0
9730,481,1,5,0
9750,482,1,5,0
9770,483,1,5,0
9790,484,1,5,0
9810,485,1,5,0
9830,486,1,5,0
9850,487,1,5,0
9870,488,1,5,0
9890,489,1,5,0
9910,490,1,5,0
9930,491,1,5,0
9950,492,1,5,0
9970,493,1,5,0
9990,494,1,5,0
10010,495,1,5,0
10030,496,1,5,0
10050,497,1,5,0
10070,498,1,5,0
10090,499,1,5,0
10110,500,1,5,0
10130,501,1,5,0
10150,502,1,5,0
10170,503,1,5,0
10190,504,1,5,0
10210,505,1,5,0
10230,506,1,5,0
10250,507,1,5,0
10270,508,1,5,0
10290,509,1,5,0
10310,510,1,5,0
10330,511,1,5,0
10350,512,1,5,0
10370,513,1,5,0
10390,514,1,5,0
10410,515,1,5,0
10430,516,1,5,0
10450,517,1,5,0
10470,518,1,5,0
10490,519,1,5,0
10510,520,1,5,0
10530,521,1,5,0
10550,522,1,5,0
10570,523,1,5,0
10590,524,1,5,0
10610,525,1,5,0
10630,526,1,5,0
10650,527,1,5,0
10670,528,1,5,0
10690,529,1,5,0
10710,530,1,5,0
10730,531,1,5,0
10750,532,1,5,0
10770,533,1,5,0
10790,534,1,5,0
10810,535,1,5,0
10830,536,1,5,0
10850,537,1,5,0
10870,538,1,5,0
10890,539,1,5,0
10910,540,1,5,0
10930,541,1,5,0
10950,542,1,5,0
10970,543,1,5,0
10990,544,1,5,0
11010,545,1,5,0
11030,546,1,5,0
11050,547,1,5,0
11070,548,1,5,0
11090,549,1,5,0
11110,550,1,5,0
11130,551,1,5,0
11150,552,1,5,0
11170,553,1,5,0
11190,554,1,5,0
11210,555,1,5,0
11230,556,1,5,0
11250,557,1,5,0
11270,558,1,5,0
11290,559,1,5,0
11310,560,1,5,0
11330,561,1,5,0
11350,562,1,5,0
11370,563,1,5,0
11390,564,1,5,0
11410,565,1,5,0
11430,566,1,5,0
11450,567,1,5,0
11470,568,1,5,0
11490,569,1,5,0
11510,570,1,5,0
11530,571,1,5,0
11550,572,1,5,0
11570,573,1,5,0
11590,574,1,5,0
11610,575,1,5,0
11630,576,1,5,0
11650,577,1,5,0
11670,578,1,5,0
11690,579,1,5,0
11710,580,1,5,0
11730,581,1,5,0
11750,582,1,5,0
11770,583,1,5,0
11790,584,1,5,0
11810,585,1,5,0
11830,586,1,5,0
11850,587,1,5,0
11870,588,1,5,0
11890,589,1,5,0
11910,590,1,5,0
11930,591,1,5,0
11950,592,1,5,0
11970,593,1,5,0
11990,594,1,5,0
12010,595,1,5,0
12030,596,1,5,0
12050,597,1,5,0
12070,598,1,5,0
12090,599,1,5,0
12110,600,1,5,0
12130,601,1,5,0
12150,602,1,5,0
12170,603,1,5,0
12190,604,1,5,0
12210,605,1,5,0
12230,606,1,5,0
12250,607,1,5,0
12270,608,1,5,0
12290,609,1,5,0
12310,610,1,5,0
12330,611,1,5,0
12350,612,1,5,0
12370,613,1,5,0
12390,614,1,5,0
12410,615,1,5,0
12430,616,1,5,0
12450,617,1,5,0
12470,618,1,5,0
12490,619,1,5,0
12510,620,1,5,0
12530,621,1,5,0
12550,622,1,5,0
12570,623,1,1,1
12590,624,1,1,0
12610,625,1,1,0
12630,626,1,1,0
12650,627,1,1,0
12670,628,1,1,0
12690,629,1,1,0
12710,630,1,1,0
12730,631,1,1,0
12750,632,1,1,0
12770,633,2,1,0
12790,634,2,1,0
12810,635,2,1,0
12830,636,2,1,0
12850,637,2,1,0
12870,638,2,1,0
12890,639,2,1,0
12910,640,2,1,0
12930,641,2,1,0
12950,642,2,1,0
12970,643,2,1,0
12990,644,2,1,0
13010,645,2,1,0
13030,646,2,1,0
13050,647,2,1,0
13070,648,2,1,0
13090,649,2,1,0
13110,650,2,1,0
13130,651,2,1,0
13150,652,2,1,0
13170,653,2,1,0
13190,654,2,1,0
13210,655,2,1,0
13230,656,2,1,0
13250,657,2,1,0
13270,658,2,1,0
13290,659,2,1,0
13310,660,2,1,0
13330,661,2,1,0
13350,662,2,1,0
13370,663,2,1,0
13390,664,2,1,0
13410,665,2,1,0
13430,666,2,1,0
13450,667,2,1,0
13470,668,2,1,0
13490,669,2,1,0
13510,670,2,1,0
13530,671,2,1,0
13550,672,2,1,0
13570,673,2,1,0
13590,674,2,1,0
13610,675,2,1,0
13630,676,2,1,0
13650,677,2,1,0
13670,678,2,1,0
13690,679,2,1,0
13710,680,2,1,0
13730,681,2,1,0
13750,682,2,1,0
13770,683,2,1,0
13790,684,2,1,0
13810,685,2,1,0
13830,686,2,1,0
13850,687,2,1,0
13870,688,2,1,0
13890,689,2,1,0
13910,690,2,1,0
13930,691,2,1,0
13950,692,2,1,0
13970,693,2,1,0
13990,694,2,1,0
14010,695,2,1,0
14030,696,2,1,0
14050,697,2,1,0
14070,698,2,1,0
14090,699,2,1,0
14110,700,2,1,0
14130,701,2,1,0
14150,702,2,1,0
14170,703,2,1,0
14190,704,2,1,0
14210,705,2,1,0
14230,706,2,1,0
14250,707,2,1,0
14270,708,2,1,0
14290,709,2,1,0
14310,710,2,1,0
14330,711,2,1,0
14350,712,2,1,0
14370,713,2,1,0
14390,714,2,1,0
14410,715,2,1,0
14430,716,2,1,0
14450,717,2,1,0
14470,718,2,1,0
14490,719,2,1,0
14510,720,2,1,0
14530,721,2,1,0
14550,722,2,1,0
14570,723,2,1,0
14590,724,2,1,0
14610,725,2,1,0
14630,726,2,1,0
14650,727,2,1,0
14670,728,2,1,0
14690,729,2,1,0
14710,730,2,1,0
14730,731,2,1,0
14750,732,2,1,0
14770,733,2,1,0
14790,734,2,1,0
14810,735,2,1,0
14830,736,2,1,0
14850,737,2,1,0
14870,738,2,1,0
14890,739,2,1,0
14910,740,2,1,0
14930,741,2,1,0
14950,742,2,1,0
14970,743,2,1,0
14990,744,2,1,0
15010,745,2,1,0
15030,746,2,1,0
15050,747,2,1,0
15070,748,2,1,0
15090,749,2,1,0
15110,750,2,1,0
15130,751,2,1,0
15150,752,2,1,0
15170,753,2,1,0
15190,754,2,1,0
15210,755,2,1,0
15230,756,2,1,0
15250,757,2,1,0
15270,758,2,1,0
15290,759,2,1,0
15310,760,2,1,0
15330,761,2,1,0
15350,762,2,1,0
15370,763,2,1,0
15390,764,2,1,0
15410,765,2,1,0
15430,766,2,1,0
15450,767,2,1,0
15470,768,2,1,0
15490,769,2,1,0
15510,770,2,1,0
15530,771,2,1,0
15550,772,2,1,0
15570,773,2,1,0
15590,774,2,1,0
15610,775,2,1,0
15630,776,2,1,0
15650,777,2,1,0
15670,778,2,1,0
15690,779,2,1,0
15710,780,2,1,0
15730,781,2,1,0
15750,782,2,1,0
15770,783,2,1,0
15790,784,2,1,0
15810,785,2,1,0
15830,786,2,1,0
15850,787,2,1,0
15870,788,2,1,0
15890,789,2,1,0
15910,790,2,1,0
15930,791,2,1,0
15950,792,2,1,0
15970,793,2,1,0
15990,794,2,1,0
16010,795,2,1,0
16030,796,2,1,0
16050,797,2,1,0
16070,798,2,1,0
16090,799,2,1,0
16110,800,2,1,0
16130,801,2,1,0
16150,802,2,1,0
16170,803,2,1,0
16190,804,2,1,0
16210,805,2,1,0
16230,806,2,1,0
16250,807,2,1,0
16270,808,2,1,0
16290,809,2,1,0
16310,810,2,1,0
16330,811,2,1,0
16350,812,2,1,0
16370,813,2,1,0
16390,814,2,1,0
16410,815,2,1,0
16430,816,2,1,0
16450,817,2,1,0
16470,818,2,1,0
16490,819,2,1,0
16510,820,2,1,0
16530,821,2,1,0
16550,822,2,1,0
16570,823,2,1,0
16590,824,2,1,0
16610,825,2,1,0
16630,826,2,1,0
16650,827,2,1,0
16670,828,2,1,0
16690,829,2,1,0
16710,830,2,1,0
16730,831,2,1,0
16750,832,2,1,0
16770,833,2,1,0
16790,834,2,1,0
16810,835,2,1,0
16830,836,2,1,0
16850,837,2,1,0
16870,838,2,1,0
16890,839,2,1,0
16910,840,2,1,0
16930,841,2,1,0
16950,842,2,1,0
16970,843,2,1,0
16990,844,2,1,0
17010,845,2,1,0
17030,846,2,1,0
17050,847,2,1,0
17070,848,2,1,0
17090,849,2,1,0
17110,850,2,1,0
17130,851,2,1,0
17150,852,2,1,0
17170,853,2,1,0
17190,854,2,1,0
17210,855,2,1,0
17230,856,2,1,0
17250,857,2,1,0
17270,858,2,1,0
17290,859,2,1,0
17310,860,2,1,0
17330,861,2,1,0
17350,862,2,1,0
17370,863,2,1,0
17390,864,2,1,0
17410,865,2,1,0
17430,866,2,1,0
17450,867,2,1,0
17470,868,2,1,0
17490,869,2,1,0
17510,870,2,1,0
17530,871,2,1,0
17550,872,2,1,0
17570,873,2,1,0
17590,874,2,1,0
17610,875,2,1,0
17630,876,2,1,0
17650,877,2,1,0
17670,878,2,1,0
17690,879,2,1,0
17710,880,2,1,0
17730,881,2,1,0
17750,882,2,1,0
17770,883,2,1,0
17790,884,2,1,0
17810,885,2,1,0
17830,886,2,1,0
17850,887,2,1,0
17870,888,2,1,0
17890,889,2,1,0
17910,890,2,1,0
17930,891,2,1,0
17950,892,2,1,0
17970,893,2,1,0
17990,894,2,1,0
18010,895,2,1,0
18030,896,2,1,0
18050,897,2,1,0
18070,898,2,1,0
18090,899,2,1,0
18110,900,2,1,0
18130,901,2,1,0
18150,902,2,1,0
18170,903,2,1,0
18190,904,2,1,0
18210,905,2,1,0
18230,906,2,1,0
18250,907,2,1,0
18270,908,2,1,0
18290,909,2,1,0
18310,910,2,1,0
18330,911,2,1,0
18350,912,2,1,0
18370,913,2,1,0
18390,914,2,1,0
18410,915,2,1,0
18430,916,2,1,0
18450,917,2,1,0
18470,918,2,1,0
18490,919,2,1,0
18510,920,2,1,0
18530,921,2,1,0
18550,922,2,1,0
18570,923,2,1,0
18590,924,2,1,0
18610,925,2,1,0
18630,926,2,1,0
18650,927,2,1,0
18670,928,2,1,0
18690,929,2,1,0
18710,930,2,1,0
18730,931,2,1,0
18750,932,2,1,0
18770,933,2,1,0
18790,934,2,1,0
18810,935,2,1,0
18830,936,2,1,0
18850,937,2,2,1
18870,938,2,2,0
18890,939,2,2,0
18910,940,2,2,0
18930,941,2,2,0
18950,942,2,2,0
18970,943,2,2,0
18990,944,2,2,0
19010,945,2,2,0
19030,946,2,2,0
19050,947,3,2,0
19070,948,3,2,0
19090,949,3,2,0
19110,950,3,2,0
19130,951,3,2,0
19150,952,3,2,0
19170,953,3,2,0
19190,954,3,2,0
19210,955,3,2,0
19230,956,3,2,0
19250,957,3,2,0
19270,958,3,2,0
19290,959,3,2,0
19310,960,3,2,0
19330,961,3,2,0
19350,962,3,2,0
19370,963,3,2,0
19390,964,3,2,0
19410,965,3,2,0
19430,966,3,2,0
19450,967,3,2,0
19470,968,3,2,0
19490,969,3,2,0
19510,970,3,2,0
19530,971,3,2,0
19550,972,3,2,0
19570,973,3,2,0
19590,974,3,2,0
19610,975,3,2,0
19630,976,3,2,0
19650,977,3,2,0
19670,978,3,2,0
19690,979,3,2,0
19710,980,3,2,0
19730,981,3,2,0
19750,982,3,2,0
19770,983,3,2,0
19790,984,3,2,0
19810,985,3,2,0
19830,986,3,2,0
19850,987,3,2,0
19870,988,3,2,0
19890,989,3,2,0
19910,990,3,2,0
19930,991,3,2,0
19950,992,3,2,0
19970,993,3,2,0
19990,994,3,2,0
20010,995,3,2,0
20030,996,3,2,0
20050,997,3,2,0
20070,998,3,2,0
20090,999,3,2,0
20110,1000,3,2,0
20130,1001,3,2,0
20150,1002,3,2,0
20170,1003,3,2,0
20190,1004,3,2,0
20210,1005,3,2,0
20230,1006,3,2,0
20250,1007,3,2,0
20270,1008,3,2,0
20290,1009,3,2,0
20310,1010,3,2,0
20330,1011,3,2,0
20350,1012,3,2,0
20370,1013,3,2,0
20390,1014,3,2,0
20410,1015,3,2,0
20430,1016,3,2,0
20450,1017,3,2,0
20470,1018,3,2,0
20490,1019,3,2,0
20510,1020,3,2,0
20530,1021,3,2,0
20550,1022,3,2,0
20570,1023,3,2,0
20590,1024,3,2,0
20610,1025,3,2,0
20630,1026,3,2,0
20650,1027,3,2,0
20670,1028,3,2,0
20690,1029,3,2,0
20710,1030,3,2,0
20730,1031,3,2,0
20750,1032,3,2,0
20770,1033,3,2,0
20790,1034,3,2,0
20810,1035,3,2,0
20830,1036,3,2,0
20850,1037,3,2,0
20870,1038,3,2,0
20890,1039,3,2,0
20910,1040,3,2,0
20930,1041,3,2,0
20950,1042,3,2,0
20970,1043,3,2,0
20990,1044,3,2,0
21010,1045,3,2,0
21030,1046,3,2,0
21050,1047,3,2,0
21070,1048,3,2,0
21090,1049,3,2,0
21110,1050,3,2,0
21130,1051,3,2,0
21150,1052,3,2,0
21170,1053,3,2,0
21190,1054,3,2,0
21210,1055,3,2,0
21230,1056,3,2,0
21250,1057,3,2,0
21270,1058,3,2,0
21290,1059,3,2,0
21310,1060,3,2,0
21330,1061,3,2,0
21350,1062,3,2,0
21370,1063,3,2,0
21390,1064,3,2,0
21410,1065,3,2,0
21430,1066,3,2,0
21450,1067,3,2,0
21470,1068,3,2,0
21490,1069,3,2,0
21510,1070,3,2,0
21530,1071,3,2,0
21550,1072,3,2,0
21570,1073,3,2,0
21590,1074,3,2,0
21610,1075,3,2,0
21630,1076,3,2,0
21650,1077,3,2,0
21670,1078,3,2,0
21690,1079,3,2,0
21710,1080,3,2,0
21730,1081,3,2,0
21750,1082,3,2,0
21770,1083,3,2,0
21790,1084,3,2,0
21810,1085,3,2,0
21830,1086,3,2,0
21850,1087,3,2,0
21870,1088,3,2,0
21890,1089,3,2,0
21910,1090,3,2,0
21930,1091,3,2,0
21950,1092,3,2,0
21970,1093,3,2,0
21990,1094,3,2,0
22010,1095,3,2,0
22030,1096,3,2,0
22050,1097,3,2,0
22070,1098,3,2,0
22090,1099,3,2,0
22110,1100,3,2,0
22130,1101,3,2,0
22150,1102,3,2,0
22170,1103,3,2,0
22190,1104,3,2,0
22210,1105,3,2,0
22230,1106,3,2,0
22250,1107,3,2,0
22270,1108,3,2,0
22290,1109,3,2,0
22310,1110,3,2,0
22330,1111,3,2,0
22350,1112,3,2,0
22370,1113,3,2,0
22390,1114,3,2,0
22410,1115,3,2,0
22430,1116,3,2,0
22450,1117,3,2,0
22470,1118,3,2,0
22490,1119,3,2,0
22510,1120,3,2,0
22530,1121,3,2,0
22550,1122,3,2,0
22570,1123,3,2,0
22590,1124,3,2,0
22610,1125,3,2,0
22630,1126,3,2,0
22650,1127,3,2,0
22670,1128,3,2,0
22690,1129,3,2,0
22710,1130,3,2,0
22730,1131,3,2,0
22750,1132,3,2,0
22770,1133,3,2,0
22790,1134,3,2,0
22810,1135,3,2,0
22830,1136,3,2,0
22850,1137,3,2,0
22870,1138,3,2,0
22890,1139,3,2,0
22910,1140,3,2,0
22930,1141,3,2,0
22950,1142,3,2,0
22970,1143,3,2,0
22990,1144,3,2,0
23010,1145,3,2,0
23030,1146,3,2,0
23050,1147,3,2,0
23070,1148,3,2,0
23090,1149,3,2,0
23110,1150,3,2,0
23130,1151,3,2,0
23150,1152,3,2,0
23170,1153,3,2,0
23190,1154,3,2,0
23210,1155,3,2,0
23230,1156,3,2,0
23250,1157,3,2,0
23270,1158,3,2,0
23290,1159,3,2,0
23310,1160,3,2,0
23330,1161,3,2,0
23350,1162,3,2,0
23370,1163,3,2,0
23390,1164,3,2,0
23410,1165,3,2,0
23430,1166,3,2,0
23450,1167,3,2,0
23470,1168,3,2,0
23490,1169,3,2,0
23510,1170,3,2,0
23530,1171,3,2,0
23550,1172,3,2,0
23570,1173,3,2,0
23590,1174,3,2,0
23610,1175,3,2,0
23630,1176,3,2,0
23650,1177,3,2,0
23670,1178,3,2,0
23690,1179,3,2,0
23710,1180,3,2,0
23730,1181,3,2,0
23750,1182,3,2,0
23770,1183,3,2,0
23790,1184,3,2,0
23810,1185,3,2,0
23830,1186,3,2,0
23850,1187,3,2,0
23870,1188,3,2,0
23890,1189,3,2,0
23910,1190,3,2,0
23930,1191,3,2,0
23950,1192,3,2,0
23970,1193,3,2,0
23990,1194,3,2,0
24010,1195,3,2,0
24030,1196,3,2,0
24050,1197,3,2,0
24070,1198,3,2,0
24090,1199,3,2,0
24110,1200,3,2,0
24130,1201,3,2,0
24150,1202,3,2,0
24170,1203,3,2,0
24190,1204,3,2,0
24210,1205,3,2,0
24230,1206,3,2,0
24250,1207,3,2,0
24270,1208,3,2,0
24290,1209,3,2,0
24310,1210,3,2,0
24330,1211,3,2,0
24350,1212,3,2,0
24370,1213,3,2,0
24390,1214,3,2,0
24410,1215,3,2,0
24430,1216,3,2,0
24450,1217,3,2,0
24470,1218,3,2,0
24490,1219,3,2,0
24510,1220,3,2,0
24530,1221,3,2,0
24550,1222,3,2,0
24570,1223,3,2,0
24590,1224,3,2,0
24610,1225,3,2,0
24630,1226,3,2,0
24650,1227,3,2,0
24670,1228,3,2,0
24690,1229,3,2,0
24710,1230,3,2,0
24730,1231,3,2,0
24750,1232,3,2,0
24770,1233,3,2,0
24790,1234,3,2,0
24810,1235,3,2,0
24830,1236,3,2,0
24850,1237,3,2,0
24870,1238,3,2,0
24890,1239,3,2,0
24910,1240,3,2,0
24930,1241,3,2,0
24950,1242,3,2,0
24970,1243,3,2,0
24990,1244,3,2,0
25010,1245,3,2,0
25030,1246,3,2,0
25050,1247,3,2,0
25070,1248,3,2,0
25090,1249,3,2,0
25110,1250,3,2,0
25130,1251,3,3,1
25150,1252,3,3,0
25170,1253,3,3,0
25190,1254,3,3,0
25210,1255,3,3,0
25230,1256,3,3,0
25250,1257,3,3,0
25270,1258,3,3,0
25290,1259,3,3,0
25310,1260,3,3,0
25330,1261,4,3,0
25350,1262,4,3,0
25370,1263,4,3,0
25390,1264,4,3,0
25410,1265,4,3,0
25430,1266,4,3,0
25450,1267,4,3,0
25470,1268,4,3,0
25490,1269,4,3,0
25510,1270,4,3,0
25530,1271,4,3,0
25550,1272,4,3,0
25570,1273,4,3,0
25590,1274,4,3,0
25610,1275,4,3,0
25630,1276,4,3,0
25650,1277,4,3,0
25670,1278,4,3,0
25690,1279,4,3,0
25710,1280,4,3,0
25730,1281,4,3,0
25750,1282,4,3,0
25770,1283,4,3,0
25790,1284,4,3,0
25810,1285,4,3,0
25830,1286,4,3,0
25850,1287,4,3,0
25870,1288,4,3,0
25890,1289,4,3,0
25910,1290,4,3,0
25930,1291,4,3,0
25950,1292,4,3,0
25970,1293,4,3,0
25990,1294,4,3,0
26010,1295,4,3,0
26030,1296,4,3,0
26050,1297,4,3,0
26070,1298,4,3,0
26090,1299,4,3,0
26110,1300,4,3,0
26130,1301,4,3,0
26150,1302,4,3,0
26170,1303,4,3,0
26190,1304,4,3,0
26210,1305,4,3,0
26230,1306,4,3,0
26250,1307,4,3,0
26270,1308,4,3,0
26290,1309,4,3,0
26310,1310,4,3,0
26330,1311,4,3,0
26350,1312,4,3,0
26370,1313,4,3,0
26390,1314,4,3,0
26410,1315,4,3,0
26430,1316,4,3,0
26450,1317,4,3,0
26470,1318,4,3,0
26490,1319,4,3,0
26510,1320,4,3,0
26530,1321,4,3,0
26550,1322,4,3,0
26570,1323,4,3,0
26590,1324,4,3,0
26610,1325,4,3,0
26630,1326,4,3,0
26650,1327,4,3,0
26670,1328,4,3,0
26690,1329,4,3,0
26710,1330,4,3,0
26730,1331,4,3,0
26750,1332,4,3,0
26770,1333,4,3,0
26790,1334,4,3,0
26810,1335,4,3,0
26830,1336,4,3,0
26850,1337,4,3,0
26870,1338,4,3,0
26890,1339,4,3,0
26910,1340,4,3,0
26930,1341,4,3,0
26950,1342,4,3,0
26970,1343,4,3,0
26990,1344,4,3,0
27010,1345,4,3,0
27030,1346,4,3,0
27050,1347,4,3,0
27070,1348,4,3,0
27090,1349,4,3,0
27110,1350,4,3,0
27130,1351,4,3,0
27150,1352,4,3,0
27170,1353,4,3,0
27190,1354,4,3,0
27210,1355,4,3,0
27230,1356,4,3,0
27250,1357,4,3,0
27270,1358,4,3,0
27290,1359,4,3,0
27310,1360,4,3,0
27330,1361,4,3,0
27350,1362,4,3,0
27370,1363,4,3,0
27390,1364,4,3,0
27410,1365,4,3,0
27430,1366,4,3,0
27450,1367,4,3,0
27470,1368,4,3,0
27490,1369,4,3,0
27510,1370,4,3,0
27530,1371,4,3,0
27550,1372,4,3,0
27570,1373,4,3,0
27590,1374,4,3,0
27610,1375,4,3,0
27630,1376,4,3,0
27650,1377,4,3,0
27670,1378,4,3,0
27690,1379,4,3,0
27710,1380,4,3,0
27730,1381,4,3,0
27750,1382,4,3,0
27770,1383,4,3,0
27790,1384,4,3,0
27810,1385,4,3,0
27830,1386,4,3,0
27850,1387,4,3,0
27870,1388,4,3,0
27890,1389,4,3,0
27910,1390,4,3,0
27930,1391,4,3,0
27950,1392,4,3,0
27970,1393,4,3,0
27990,1394,4,3,0
28010,1395,4,3,0
28030,1396,4,3,0
28050,1397,4,3,0
28070,1398,4,3,0
28090,1399,4,3,0
28110,1400,4,3,0
28130,1401,4,3,0
28150,1402,4,3,0
28170,1403,4,3,0
28190,1404,4,3,0
28210,1405,4,3,0
28230,1406,4,3,0
28250,1407,4,3,0
28270,1408,4,3,0
28290,1409,4,3,0
28310,1410,4,3,0
28330,1411,4,3,0
28350,1412,4,3,0
28370,1413,4,3,0
28390,1414,4,3,0
28410,1415,4,3,0
28430,1416,4,3,0
28450,1417,4,3,0
28470,1418,4,3,0
28490,1419,4,3,0
28510,1420,4,3,0
28530,1421,4,3,0
28550,1422,4,3,0
28570,1423,4,3,0
28590,1424,4,3,0
28610,1425,4,3,0
28630,1426,4,3,0
28650,1427,4,3,0
28670,1428,4,3,0
28690,1429,4,3,0
28710,1430,4,3,0
28730,1431,4,3,0
28750,1432,4,3,0
28770,1433,4,3,0
28790,1434,4,3,0
28810,1435,4,3,0
28830,1436,4,3,0
28850,1437,4,3,0
28870,1438,4,3,0
28890,1439,4,3,0
28910,1440,4,3,0
28930,1441,4,3,0
28950,1442,4,3,0
28970,1443,4,3,0
28990,1444,4,3,0
29010,1445,4,3,0
29030,1446,4,3,0
29050,1447,4,3,0
29070,1448,4,3,0
29090,1449,4,3,0
29110,1450,4,3,0
29130,1451,4,3,0
29150,1452,4,3,0
29170,1453,4,3,0
29190,1454,4,3,0
29210,1455,4,3,0
29230,1456,4,3,0
29250,1457,4,3,0
29270,1458,4,3,0
29290,1459,4,3,0
29310,1460,4,3,0
29330,1461,4,3,0
29350,1462,4,3,0
29370,1463,4,3,0
29390,1464,4,3,0
29410,1465,4,3,0
29430,1466,4,3,0
29450,1467,4,3,0
29470,1468,4,3,0
29490,1469,4,3,0
29510,1470,4,3,0
29530,1471,4,3,0
29550,1472,4,3,0
29570,1473,4,3,0
29590,1474,4,3,0
29610,1475,4,3,0
29630,1476,4,3,0
29650,1477,4,3,0
29670,1478,4,3,0
29690,1479,4,3,0
29710,1480,4,3,0
29730,1481,4,3,0
29750,1482,4,3,0
29770,1483,4,3,0
29790,1484,4,3,0
29810,1485,4,3,0
29830,1486,4,3,0
29850,1487,4,3,0
29870,1488,4,3,0
29890,1489,4,3,0
29910,1490,4,3,0
29930,1491,4,3,0
29950,1492,4,3,0
29970,1493,4,3,0
29990,1494,4,3,0
30010,1495,4,3,0
30030,1496,4,3,0
30050,1497,4,3,0
30070,1498,4,3,0
30090,1499,4,3,0
30110,1500,4,3,0
30130,1501,4,3,0
30150,1502,4,3,0
30170,1503,4,3,0
30190,1504,4,3,0
30210,1505,4,3,0
30230,1506,4,3,0
30250,1507,4,3,0
30270,1508,4,3,0
30290,1509,4,3,0
30310,1510,4,3,0
30330,1511,4,3,0
30350,1512,4,3,0
30370,1513,4,3,0
30390,1514,4,3,0
30410,1515,4,3,0
30430,1516,4,3,0
30450,1517,4,3,0
30470,1518,4,3,0
30490,1519,4,3,0
30510,1520,4,3,0
30530,1521,4,3,0
30550,1522,4,3,0
30570,1523,4,3,0
30590,1524,4,3,0
30610,1525,4,3,0
30630,1526,4,3,0
30650,1527,4,3,0
30670,1528,4,3,0
30690,1529,4,3,0
30710,1530,4,3,0
30730,1531,4,3,0
30750,1532,4,3,0
30770,1533,4,3,0
30790,1534,4,3,0
30810,1535,4,3,0
30830,1536,4,3,0
30850,1537,4,3,0
30870,1538,4,3,0
30890,1539,4,3,0
30910,1540,4,3,0
30930,1541,4,3,0
30950,1542,4,3,0
30970,1543,4,3,0
30990,1544,4,3,0
31010,1545,4,3,0
31030,1546,4,3,0
31050,1547,4,3,0
31070,1548,4,3,0
31090,1549,4,3,0
31110,1550,4,3,0
31130,1551,4,3,0
31150,1552,4,3,0
31170,1553,4,3,0
31190,1554,4,3,0
31210,1555,4,3,0
31230,1556,4,3,0
31250,1557,4,3,0
31270,1558,4,3,0
31290,1559,4,3,0
31310,1560,4,3,0
31330,1561,4,3,0
31350,1562,4,3,0
31370,1563,4,3,0
31390,1564,4,3,0
31410,1565,4,4,1
31430,1566,4,4,0
31450,1567,4,4,0
31470,1568,4,4,0
31490,1569,4,4,0
31510,1570,4,4,0
31530,1571,4,4,0
31550,1572,4,4,0
31570,1573,4,4,0
31590,1574,4,4,0
31610,1575,5,4,0
31630,1576,5,4,0
31650,1577,5,4,0
31670,1578,5,4,0
31690,1579,5,4,0
31710,1580,5,4,0
31730,1581,5,4,0
31750,1582,5,4,0
31770,1583,5,4,0
31790,1584,5,4,0
31810,1585,5,4,0
31830,1586,5,4,0
31850,1587,5,4,0
31870,1588,5,4,0
31890,1589,5,4,0
31910,1590,5,4,0
31930,1591,5,4,0
31950,1592,5,4,0
31970,1593,5,4,0
31990,1594,5,4,0
32010,1595,5,4,0
32030,1596,5,4,0
32050,1597,5,4,0
32070,1598,5,4,0
32090,1599,5,4,0
32110,1600,5,4,0
32130,1601,5,4,0
32150,1602,5,4,0
32170,1603,5,4,0
32190,1604,5,4,0
32210,1605,5,4,0
32230,1606,5,4,0
32250,1607,5,4,0
32270,1608,5,4,0
32290,1609,5,4,0
32310,1610,5,4,0
32330,1611,5,4,0
32350,1612,5,4,0
32370,1613,5,4,0
32390,1614,5,4,0
32410,1615,5,4,0
32430,1616,5,4,0
32450,1617,5,4,0
32470,1618,5,4,0
32490,1619,5,4,0
32510,1620,5,4,0
32530,1621,5,4,0
32550,1622,5,4,0
32570,1623,5,4,0
32590,1624,5,4,0
32610,1625,5,4,0
32630,1626,5,4,0
32650,1627,5,4,0
32670,1628,5,4,0
32690,1629,5,4,0
32710,1630,5,4,0
32730,1631,5,4,0
32750,1632,5,4,0
32770,1633,5,4,0
32790,1634,5,4,0
32810,1635,5,4,0
32830,1636,5,4,0
32850,1637,5,4,0
32870,1638,5,4,0
32890,1639,5,4,0
32910,1640,5,4,0
32930,1641,5,4,0
32950,1642,5,4,0
32970,1643,5,4,0
32990,1644,5,4,0
33010,1645,5,4,0
33030,1646,5,4,0
33050,1647,5,4,0
33070,1648,5,4,0
33090,1649,5,4,0
33110,1650,5,4,0
33130,1651,5,4,0
33150,1652,5,4,0
33170,1653,5,4,0
33190,1654,5,4,0
33210,1655,5,4,0
33230,1656,5,4,0
33250,1657,5,4,0
33270,1658,5,4,0
33290,1659,5,4,0
33310,1660,5,4,0
33330,1661,5,4,0
33350,1662,5,4,0
33370,1663,5,4,0
33390,1664,5,4,0
33410,1665,5,4,0
33430,1666,5,4,0
33450,1667,5,4,0
33470,1668,5,4,0
33490,1669,5,4,0
33510,1670,5,4,0
33530,1671,5,4,0
33550,1672,5,4,0
33570,1673,5,4,0
33590,1674,5,4,0
33610,1675,5,4,0
33630,1676,5,4,0
33650,1677,5,4,0
33670,1678,5,4,0
33690,1679,5,4,0
33710,1680,5,4,0
33730,1681,5,4,0
33750,1682,5,4,0
33770,1683,5,4,0
33790,1684,5,4,0
33810,1685,5,4,0
33830,1686,5,4,0
33850,1687,5,4,0
33870,1688,5,4,0
33890,1689,5,4,0
33910,1690,5,4,0
33930,1691,5,4,0
33950,1692,5,4,0
33970,1693,5,4,0
33990,1694,5,4,0
34010,1695,5,4,0
34030,1696,5,4,0
34050,1697,5,4,0
34070,1698,5,4,0
34090,1699,5,4,0
34110,1700,5,4,0
34130,1701,5,4,0
34150,1702,5,4,0
34170,1703,5,4,0
34190,1704,5,4,0
34210,1705,5,4,0
34230,1706,5,4,0
34250,1707,5,4,0
34270,1708,5,4,0
34290,1709,5,4,0
34310,1710,5,4,0
34330,1711,5,4,0
34350,1712,5,4,0
34370,1713,5,4,0
34390,1714,5,4,0
34410,1715,5,4,0
34430,1716,5,4,0
34450,1717,5,4,0
34470,1718,5,4,0
34490,1719,5,4,0
34510,1720,5,4,0
34530,1721,5,4,0
34550,1722,5,4,0
34570,1723,5,4,0
34590,1724,5,4,0
34610,1725,5,4,0
34630,1726,5,4,0
34650,1727,5,4,0
34670,1728,5,4,0
34690,1729,5,4,0
34710,1730,5,4,0
34730,1731,5,4,0
34750,1732,5,4,0
34770,1733,5,4,0
34790,1734,5,4,0
34810,1735,5,4,0
34830,1736,5,4,0
34850,1737,5,4,0
34870,1738,5,4,0
34890,1739,5,4,0
34910,1740,5,4,0
34930,1741,5,4,0
34950,1742,5,4,0
34970,1743,5,4,0
34990,1744,5,4,0
35010,1745,5,4,0
35030,1746,5,4,0
35050,1747,5,4,0
35070,1748,5,4,0
35090,1749,5,4,0
35110,1750,5,4,0
35130,1751,5,4,0
35150,1752,5,4,0
35170,1753,5,4,0
35190,1754,5,4,0
35210,1755,5,4,0
35230,1756,5,4,0
35250,1757,5,4,0
35270,1758,5,4,0
35290,1759,5,4,0
35310,1760,5,4,0
35330,1761,5,4,0
35350,1762,5,4,0
35370,1763,5,4,0
35390,1764,5,4,0
35410,1765,5,4,0
35430,1766,5,4,0
35450,1767,5,4,0
35470,1768,5,4,0
35490,1769,5,4,0
35510,1770,5,4,0
35530,1771,5,4,0
35550,1772,5,4,0
35570,1773,5,4,0
35590,1774,5,4,0
35610,1775,5,4,0
35630,1776,5,4,0
35650,1777,5,4,0
35670,1778,5,4,0
35690,1779,5,4,0
35710,1780,5,4,0
35730,1781,5,4,0
35750,1782,5,4,0
35770,1783,5,4,0
35790,1784,5,4,0
35810,1785,5,4,0
35830,1786,5,4,0
35850,1787,5,4,0
35870,1788,5,4,0
35890,1789,5,4,0
35910,1790,5,4,0
35930,1791,5,4,0
35950,1792,5,4,0
35970,1793,5,4,0
35990,1794,5,4,0
36010,1795,5,4,0
36030,1796,5,4,0
36050,1797,5,4,0
36070,1798,5,4,0
36090,1799,5,4,0
36110,1800,5,4,0
36130,1801,5,4,0
36150,1802,5,4,0
36170,1803,5,4,0
36190,1804,5,4,0
36210,1805,5,4,0
36230,1806,5,4,0
36250,1807,5,4,0
36270,1808,5,4,0
36290,1809,5,4,0
36310,1810,5,4,0
36330,1811,5,4,0
36350,1812,5,4,0
36370,1813,5,4,0
36390,1814,5,4,0
36410,1815,5,4,0
36430,1816,5,4,0
36450,1817,5,4,0
36470,1818,5,4,0
36490,1819,5,4,0
36510,1820,5,4,0
36530,1821,5,4,0
36550,1822,5,4,0
36570,1823,5,4,0
36590,1824,5,4,0
36610,1825,5,4,0
36630,1826,5,4,0
36650,1827,5,4,0
36670,1828,5,4,0
36690,1829,5,4,0
36710,1830,5,4,0
36730,1831,5,4,0
36750,1832,5,4,0
36770,1833,5,4,0
36790,1834,5,4,0
36810,1835,5,4,0
36830,1836,5,4,0
36850,1837,5,4,0
36870,1838,5,4,0
36890,1839,5,4,0
36910,1840,5,4,0
36930,1841,5,4,0
36950,1842,5,4,0
36970,1843,5,4,0
36990,1844,5,4,0
37010,1845,5,4,0
37030,1846,5,4,0
37050,1847,5,4,0
37070,1848,5,4,0
37090,1849,5,4,0
37110,1850,5,4,0
37130,1851,5,4,0
37150,1852,5,4,0
37170,1853,5,4,0
37190,1854,5,4,0
37210,1855,5,4,0
37230,1856,5,4,0
37250,1857,5,4,0
37270,1858,5,4,0
37290,1859,5,4,0
37310,1860,5,4,0
37330,1861,5,4,0
37350,1862,5,4,0
37370,1863,5,4,0
37390,1864,5,4,0
37410,1865,5,4,0
37430,1866,5,4,0
37450,1867,5,4,0
37470,1868,5,4,0
37490,1869,5,4,0
37510,1870,5,4,0
37530,1871,5,4,0
37550,1872,5,4,0
37570,1873,5,4,0
37590,1874,5,4,0
37610,1875,5,4,0
37630,1876,5,4,0
37650,1877,5,4,0
37670,1878,5,4,0
37690,1879,5,4,1
37710,1880,5,4,0
37730,1881,5,4,0
37750,1882,5,4,0
37770,1883,5,4,0
37790,1884,5,4,0
37810,1885,5,4,0
37830,1886,5,4,0
37850,1887,5,4,0
37870,1888,5,4,0
